STATE,STATENAME,ST_CASE,PEDS,PERNOTMVIT,VE_TOTAL,VE_FORMS,PVH_INVL,PERSONS,PERMVIT,COUNTY,COUNTYNAME,CITY,CITYNAME,MONTH,MONTHNAME,DAY,DAYNAME,DAY_WEEK,DAY_WEEKNAME,YEAR,HOUR,HOURNAME,MINUTE,MINUTENAME,TWAY_ID,TWAY_ID2,ROUTE,ROUTENAME,RUR_URB,RUR_URBNAME,FUNC_SYS,FUNC_SYSNAME,RD_OWNER,RD_OWNERNAME,NHS,NHSNAME,SP_JUR,SP_JURNAME,MILEPT,MILEPTNAME,LATITUDE,LATITUDENAME,LONGITUD,LONGITUDNAME,HARM_EV,HARM_EVNAME,MAN_COLL,MAN_COLLNAME,RELJCT1,RELJCT1NAME,RELJCT2,RELJCT2NAME,TYP_INT,TYP_INTNAME,REL_ROAD,REL_ROADNAME,WRK_ZONE,WRK_ZONENAME,LGT_COND,LGT_CONDNAME,WEATHER,WEATHERNAME,SCH_BUS,SCH_BUSNAME,RAIL,RAILNAME,NOT_HOUR,NOT_HOURNAME,NOT_MIN,NOT_MINNAME,ARR_HOUR,ARR_HOURNAME,ARR_MIN,ARR_MINNAME,HOSP_HR,HOSP_HRNAME,HOSP_MN,HOSP_MNNAME,FATALS
17,Illinois,170200,0,0,1,1,0,1,1,197,WILL (197),0,NOT APPLICABLE,3,March,22,22,3,Tuesday,2022,20,8:00pm-8:59pm,32,32,YATES AVE,OFFNER RD,5,Local Street - Township,1,Rural,7,Local,3,Town or Township Highway Agency,0,This section IS NOT on the NHS,0,No Special Jurisdiction,99998,Not Reported,41.38505278,41.38505278,-87.55448333,-87.55448333,43,Other Fixed Object,0,The First Harmful Event was Not a Collision with a Motor Vehicle in Transport,0,No,3,Intersection-Related,3,T-Intersection,4,On Roadside,0,None,6,Dark - Unknown Lighting,2,Rain,0,No,0000000,Not Applicable,99,Unknown,99,Unknown,99,Unknown EMS Scene Arrival Hour,99,Unknown EMS Scene Arrival Minutes,88,Not Applicable (Not Transported),88,Not Applicable (Not Transported),1
17,Illinois,170201,0,0,1,1,0,1,1,163,ST. CLAIR (163),0,NOT APPLICABLE,3,March,24,24,5,Thursday,2022,22,10:00pm-10:59pm,38,38,I-255,NA,1,Interstate,2,Urban,1,Interstate,1,State Highway Agency,1,This section IS ON the NHS,0,No Special Jurisdiction,163,163,38.61805833,38.61805833,-90.06875278,-90.06875278,25,Concrete Traffic Barrier,0,The First Harmful Event was Not a Collision with a Motor Vehicle in Transport,0,No,1,Non-Junction,1,Not an Intersection,4,On Roadside,0,None,2,Dark - Not Lighted,1,Clear,0,No,0000000,Not Applicable,22,10:00pm-10:59pm,45,45,22,10:00pm-10:59pm,45,45,88,Not Applicable (Not Transported),88,Not Applicable (Not Transported),1
17,Illinois,170202,0,0,2,2,0,2,2,29,COLES (29),5390,MATTOON,3,March,25,25,6,Friday,2022,5,5:00am-5:59am,54,54,SR-16,MILLER RD,3,State Highway,2,Urban,3,Principal Arterial - Other,1,State Highway Agency,1,This section IS ON the NHS,0,No Special Jurisdiction,1402,1402,39.48436389,39.48436389,-88.30396111,-88.30396111,12,Motor Vehicle In-Transport,6,Angle,0,No,2,Intersection,3,T-Intersection,1,On Roadway,0,None,6,Dark - Unknown Lighting,2,Rain,0,No,0000000,Not Applicable,5,5:00am-5:59am,54,54,99,Unknown EMS Scene Arrival Hour,99,Unknown EMS Scene Arrival Minutes,99,Unknown,99,Unknown EMS Hospital Arrival Time,1
17,Illinois,170203,0,0,1,1,0,1,1,31,COOK (31),4010,HOMEWOOD,3,March,26,26,7,Saturday,2022,3,3:00am-3:59am,42,42,HARDWOOD AVE,NA,6,Local Street - Municipality,2,Urban,5,Major Collector,4,City or Municipal Highway Agency,0,This section IS NOT on the NHS,0,No Special Jurisdiction,99998,Not Reported,41.55544722,41.55544722,-87.670975,-87.670975,30,Utility Pole/Light Support,0,The First Harmful Event was Not a Collision with a Motor Vehicle in Transport,0,No,1,Non-Junction,1,Not an Intersection,4,On Roadside,0,None,3,Dark - Lighted,4,Snow,0,No,0000000,Not Applicable,3,3:00am-3:59am,42,42,3,3:00am-3:59am,47,47,88,Not Applicable (Not Transported),88,Not Applicable (Not Transported),1
17,Illinois,170204,0,0,2,2,0,2,2,119,MADISON (119),1910,COLLINSVILLE,3,March,17,17,5,Thursday,2022,15,3:00pm-3:59pm,27,27,BELT LINE RD,FRANKLIN AVE,8,Other,2,Urban,4,Minor Arterial,1,State Highway Agency,0,This section IS NOT on the NHS,0,No Special Jurisdiction,99998,Not Reported,38.691,38.691,-89.975825,-89.975825,12,Motor Vehicle In-Transport,6,Angle,0,No,2,Intersection,3,T-Intersection,1,On Roadway,0,None,1,Daylight,1,Clear,0,No,0000000,Not Applicable,15,3:00pm-3:59pm,27,27,15,3:00pm-3:59pm,31,31,99,Unknown,99,Unknown EMS Hospital Arrival Time,1
17,Illinois,170205,1,1,1,1,0,2,2,163,ST. CLAIR (163),0,NOT APPLICABLE,3,March,23,23,4,Wednesday,2022,21,9:00pm-9:59pm,40,40,SR-177,NA,3,State Highway,2,Urban,4,Minor Arterial,1,State Highway Agency,0,This section IS NOT on the NHS,0,No Special Jurisdiction,99998,Not Reported,38.50169444,38.50169444,-89.84124722,-89.84124722,8,Pedestrian,0,The First Harmful Event was Not a Collision with a Motor Vehicle in Transport,0,No,1,Non-Junction,1,Not an Intersection,1,On Roadway,0,None,6,Dark - Unknown Lighting,1,Clear,0,No,0000000,Not Applicable,21,9:00pm-9:59pm,40,40,21,9:00pm-9:59pm,51,51,88,Not Applicable (Not Transported),88,Not Applicable (Not Transported),1
17,Illinois,170206,0,0,1,1,0,1,1,81,JEFFERSON (81),0,NOT APPLICABLE,3,March,25,25,6,Friday,2022,13,1:00pm-1:59pm,31,31,CR-3,NA,4,County Road,1,Rural,5,Major Collector,3,Town or Township Highway Agency,0,This section IS NOT on the NHS,0,No Special Jurisdiction,99998,Not Reported,38.42835278,38.42835278,-88.79318056,-88.79318056,1,Rollover/Overturn,0,The First Harmful Event was Not a Collision with a Motor Vehicle in Transport,0,No,1,Non-Junction,1,Not an Intersection,4,On Roadside,0,None,1,Daylight,1,Clear,0,No,0000000,Not Applicable,13,1:00pm-1:59pm,35,35,13,1:00pm-1:59pm,48,48,99,Unknown,99,Unknown EMS Hospital Arrival Time,1
17,Illinois,170207,1,1,1,1,0,1,1,45,EDGAR (45),6720,PARIS,3,March,26,26,7,Saturday,2022,11,11:00am-11:59am,10,10,NONE,NA,8,Other,6,Trafficway Not in State Inventory,96,Trafficway Not in State Inventory,96,Trafficway Not in State Inventory,0,This section IS NOT on the NHS,0,No Special Jurisdiction,0,None,39.60205556,39.60205556,-87.68166389,-87.68166389,8,Pedestrian,0,The First Harmful Event was Not a Collision with a Motor Vehicle in Transport,0,No,1,Non-Junction,1,Not an Intersection,1,On Roadway,0,None,1,Daylight,1,Clear,0,No,0000000,Not Applicable,11,11:00am-11:59am,11,11,11,11:00am-11:59am,14,14,88,Not Applicable (Not Transported),88,Not Applicable (Not Transported),1
17,Illinois,170208,0,0,1,1,0,3,3,157,RANDOLPH (157),0,NOT APPLICABLE,3,March,26,26,7,Saturday,2022,14,2:00pm-2:59pm,0,0,ROBINSON RD,NA,5,Local Street - Township,1,Rural,7,Local,3,Town or Township Highway Agency,0,This section IS NOT on the NHS,0,No Special Jurisdiction,99998,Not Reported,38.01965833,38.01965833,-89.85655,-89.85655,32,Culvert,0,The First Harmful Event was Not a Collision with a Motor Vehicle in Transport,0,No,1,Non-Junction,1,Not an Intersection,4,On Roadside,0,None,1,Daylight,1,Clear,0,No,0000000,Not Applicable,99,Unknown,99,Unknown,99,Unknown EMS Scene Arrival Hour,99,Unknown EMS Scene Arrival Minutes,88,Not Applicable (Not Transported),88,Not Applicable (Not Transported),1
17,Illinois,170209,0,0,2,2,0,2,2,197,WILL (197),2800,ELWOOD,3,March,27,27,1,Sunday,2022,6,6:00am-6:59am,7,7,ARSENAL RD,ELWOOD INTERNATIONAL PORT RD,8,Other,1,Rural,5,Major Collector,1,State Highway Agency,1,This section IS ON the NHS,0,No Special Jurisdiction,99998,Not Reported,41.42113889,41.42113889,-88.14635278,-88.14635278,12,Motor Vehicle In-Transport,6,Angle,1,Yes,2,Intersection,2,Four-Way Intersection,1,On Roadway,0,None,4,Dawn,1,Clear,0,No,0000000,Not Applicable,6,6:00am-6:59am,7,7,6,6:00am-6:59am,10,10,99,Unknown,99,Unknown EMS Hospital Arrival Time,1
17,Illinois,170210,0,0,1,1,0,1,1,141,OGLE (141),0,NOT APPLICABLE,2,February,18,18,6,Friday,2022,12,12:00pm-12:59pm,25,25,SR-2,NA,3,State Highway,1,Rural,3,Principal Arterial - Other,1,State Highway Agency,1,This section IS ON the NHS,0,No Special Jurisdiction,99998,Not Reported,42.16946389,42.16946389,-89.20666389,-89.20666389,42,Tree (Standing Only),0,The First Harmful Event was Not a Collision with a Motor Vehicle in Transport,0,No,1,Non-Junction,1,Not an Intersection,4,On Roadside,0,None,1,Daylight,1,Clear,0,No,0000000,Not Applicable,12,12:00pm-12:59pm,27,27,12,12:00pm-12:59pm,34,34,99,Unknown,99,Unknown EMS Hospital Arrival Time,1
17,Illinois,170211,1,1,1,1,0,1,1,133,MONROE (133),9060,WATERLOO,3,March,23,23,4,Wednesday,2022,20,8:00pm-8:59pm,13,13,SR-3,NA,3,State Highway,2,Urban,3,Principal Arterial - Other,1,State Highway Agency,1,This section IS ON the NHS,0,No Special Jurisdiction,99998,Not Reported,38.36180833,38.36180833,-90.154075,-90.154075,8,Pedestrian,0,The First Harmful Event was Not a Collision with a Motor Vehicle in Transport,0,No,1,Non-Junction,1,Not an Intersection,1,On Roadway,0,None,6,Dark - Unknown Lighting,2,Rain,0,No,0000000,Not Applicable,20,8:00pm-8:59pm,17,17,20,8:00pm-8:59pm,20,20,88,Not Applicable (Not Transported),88,Not Applicable (Not Transported),1
17,Illinois,170212,0,0,1,1,0,1,1,89,KANE (89),560,BATAVIA,3,March,26,26,7,Saturday,2022,7,7:00am-7:59am,45,45,SR-25,NA,3,State Highway,2,Urban,4,Minor Arterial,1,State Highway Agency,0,This section IS NOT on the NHS,0,No Special Jurisdiction,99998,Not Reported,41.83033333,41.83033333,-88.30989444,-88.30989444,42,Tree (Standing Only),0,The First Harmful Event was Not a Collision with a Motor Vehicle in Transport,0,No,1,Non-Junction,1,Not an Intersection,4,On Roadside,0,None,1,Daylight,10,Cloudy,0,No,0000000,Not Applicable,7,7:00am-7:59am,46,46,7,7:00am-7:59am,55,55,88,Not Applicable (Not Transported),88,Not Applicable (Not Transported),1
17,Illinois,170213,0,0,1,1,0,1,1,171,SCOTT (171),5150,MANCHESTER,3,March,29,29,3,Tuesday,2022,11,11:00am-11:59am,9,9,CR-7,NA,4,County Road,1,Rural,5,Major Collector,2,County Highway Agency,0,This section IS NOT on the NHS,0,No Special Jurisdiction,0,None,39.54971111,39.54971111,-90.33634722,-90.33634722,35,Embankment,0,The First Harmful Event was Not a Collision with a Motor Vehicle in Transport,0,No,1,Non-Junction,1,Not an Intersection,4,On Roadside,0,None,1,Daylight,1,Clear,0,No,0000000,Not Applicable,11,11:00am-11:59am,9,9,99,Unknown EMS Scene Arrival Hour,99,Unknown EMS Scene Arrival Minutes,88,Not Applicable (Not Transported),88,Not Applicable (Not Transported),1
17,Illinois,170214,0,0,2,2,0,2,2,113,MCLEAN (113),6230,NORMAL,3,March,26,26,7,Saturday,2022,12,12:00pm-12:59pm,44,44,TOWANDA AVE,SHELBOURNE DR,6,Local Street - Municipality,2,Urban,4,Minor Arterial,4,City or Municipal Highway Agency,0,This section IS NOT on the NHS,0,No Special Jurisdiction,99998,Not Reported,40.52509722,40.52509722,-88.96305556,-88.96305556,12,Motor Vehicle In-Transport,6,Angle,0,No,2,Intersection,2,Four-Way Intersection,1,On Roadway,0,None,1,Daylight,1,Clear,0,No,0000000,Not Applicable,12,12:00pm-12:59pm,45,45,12,12:00pm-12:59pm,48,48,99,Unknown,99,Unknown EMS Hospital Arrival Time,1
17,Illinois,170215,0,0,1,1,0,2,2,179,TAZEWELL (179),0,NOT APPLICABLE,3,March,28,28,2,Monday,2022,9,9:00am-9:59am,25,25,CR-22,NA,4,County Road,2,Urban,5,Major Collector,3,Town or Township Highway Agency,0,This section IS NOT on the NHS,0,No Special Jurisdiction,99998,Not Reported,40.62674444,40.62674444,-89.53930833,-89.53930833,35,Embankment,0,The First Harmful Event was Not a Collision with a Motor Vehicle in Transport,0,No,1,Non-Junction,1,Not an Intersection,4,On Roadside,0,None,1,Daylight,1,Clear,0,No,0000000,Not Applicable,99,Unknown,99,Unknown,99,Unknown EMS Scene Arrival Hour,99,Unknown EMS Scene Arrival Minutes,99,Unknown,99,Unknown EMS Hospital Arrival Time,1
17,Illinois,170216,0,0,1,1,0,2,2,195,WHITESIDE (195),5760,MORRISON,3,March,27,27,1,Sunday,2022,9,9:00am-9:59am,0,0,ORANGE ST,NA,6,Local Street - Municipality,1,Rural,7,Local,4,City or Municipal Highway Agency,0,This section IS NOT on the NHS,0,No Special Jurisdiction,99998,Not Reported,41.80863056,41.80863056,-89.96998889,-89.96998889,42,Tree (Standing Only),0,The First Harmful Event was Not a Collision with a Motor Vehicle in Transport,0,No,1,Non-Junction,1,Not an Intersection,4,On Roadside,0,None,1,Daylight,1,Clear,0,No,0000000,Not Applicable,99,Unknown,99,Unknown,99,Unknown EMS Scene Arrival Hour,99,Unknown EMS Scene Arrival Minutes,99,Unknown,99,Unknown EMS Hospital Arrival Time,1
17,Illinois,170217,0,0,2,2,0,3,3,199,WILLIAMSON (199),0,NOT APPLICABLE,3,March,25,25,6,Friday,2022,9,9:00am-9:59am,10,10,SR-148,SR-37,3,State Highway,1,Rural,4,Minor Arterial,1,State Highway Agency,0,This section IS NOT on the NHS,0,No Special Jurisdiction,99998,Not Reported,37.616275,37.616275,-88.98035,-88.98035,12,Motor Vehicle In-Transport,6,Angle,0,No,2,Intersection,3,T-Intersection,1,On Roadway,0,None,1,Daylight,1,Clear,0,No,0000000,Not Applicable,9,9:00am-9:59am,32,32,9,9:00am-9:59am,45,45,88,Not Applicable (Not Transported),88,Not Applicable (Not Transported),2
17,Illinois,170218,0,0,2,2,0,6,6,203,WOODFORD (203),2860,EUREKA,3,March,26,26,7,Saturday,2022,12,12:00pm-12:59pm,38,38,SR-116,CR-25,3,State Highway,1,Rural,7,Local,3,Town or Township Highway Agency,0,This section IS NOT on the NHS,0,No Special Jurisdiction,99998,Not Reported,40.77708333,40.77708333,-89.41779167,-89.41779167,12,Motor Vehicle In-Transport,6,Angle,0,No,2,Intersection,2,Four-Way Intersection,1,On Roadway,0,None,1,Daylight,1,Clear,0,No,0000000,Not Applicable,12,12:00pm-12:59pm,38,38,12,12:00pm-12:59pm,46,46,99,Unknown,99,Unknown EMS Hospital Arrival Time,1
17,Illinois,170219,0,0,2,2,0,3,3,75,IROQUOIS (75),4195,IROQUOIS,3,March,12,12,7,Saturday,2022,17,5:00pm-5:59pm,49,49,US-52,CR-31,2,US Highway,1,Rural,5,Major Collector,1,State Highway Agency,0,This section IS NOT on the NHS,0,No Special Jurisdiction,99998,Not Reported,40.82744167,40.82744167,-87.58168056,-87.58168056,12,Motor Vehicle In-Transport,6,Angle,0,No,2,Intersection,2,Four-Way Intersection,1,On Roadway,0,None,5,Dusk,1,Clear,0,No,0000000,Not Applicable,17,5:00pm-5:59pm,51,51,17,5:00pm-5:59pm,57,57,99,Unknown,99,Unknown EMS Hospital Arrival Time,1
17,Illinois,170220,0,0,1,1,0,1,1,201,WINNEBAGO (201),7460,ROCKFORD,3,March,22,22,3,Tuesday,2022,21,9:00pm-9:59pm,36,36,E STATE STREET,NA,6,Local Street - Municipality,2,Urban,4,Minor Arterial,4,City or Municipal Highway Agency,0,This section IS NOT on the NHS,0,No Special Jurisdiction,0,None,42.26690278,42.26690278,-89.00122778,-89.00122778,43,Other Fixed Object,0,The First Harmful Event was Not a Collision with a Motor Vehicle in Transport,0,No,1,Non-Junction,1,Not an Intersection,4,On Roadside,0,None,3,Dark - Lighted,2,Rain,0,No,0000000,Not Applicable,12,12:00pm-12:59pm,0,0,12,12:00pm-12:59pm,0,0,99,Unknown,99,Unknown EMS Hospital Arrival Time,1
17,Illinois,170222,0,0,1,1,0,2,2,167,SANGAMON (167),0,NOT APPLICABLE,3,March,16,16,4,Wednesday,2022,1,1:00am-1:59am,12,12,TORONTO RD,NA,5,Local Street - Township,2,Urban,4,Minor Arterial,3,Town or Township Highway Agency,0,This section IS NOT on the NHS,0,No Special Jurisdiction,99998,Not Reported,39.71408889,39.71408889,-89.65795,-89.65795,34,Ditch,0,The First Harmful Event was Not a Collision with a Motor Vehicle in Transport,0,No,1,Non-Junction,1,Not an Intersection,4,On Roadside,0,None,6,Dark - Unknown Lighting,1,Clear,0,No,0000000,Not Applicable,2,2:00am-2:59am,8,8,99,Unknown EMS Scene Arrival Hour,99,Unknown EMS Scene Arrival Minutes,88,Not Applicable (Not Transported),88,Not Applicable (Not Transported),1
17,Illinois,170223,1,1,1,1,0,2,2,43,DUPAGE (43),9250,WESTMONT,3,March,4,4,6,Friday,2022,19,7:00pm-7:59pm,27,27,63RD ST,NA,5,Local Street - Township,2,Urban,4,Minor Arterial,3,Town or Township Highway Agency,0,This section IS NOT on the NHS,0,No Special Jurisdiction,99998,Not Reported,41.77351111,41.77351111,-87.98235833,-87.98235833,8,Pedestrian,0,The First Harmful Event was Not a Collision with a Motor Vehicle in Transport,0,No,1,Non-Junction,1,Not an Intersection,1,On Roadway,0,None,3,Dark - Lighted,1,Clear,0,No,0000000,Not Applicable,19,7:00pm-7:59pm,27,27,19,7:00pm-7:59pm,27,27,88,Not Applicable (Not Transported),88,Not Applicable (Not Transported),1
17,Illinois,170224,0,0,1,1,0,3,3,31,COOK (31),7813,SCHAUMBURG,3,March,19,19,7,Saturday,2022,23,11:00pm-11:59pm,52,52,WISE RD,NA,5,Local Street - Township,2,Urban,4,Minor Arterial,3,Town or Township Highway Agency,0,This section IS NOT on the NHS,0,No Special Jurisdiction,99998,Not Reported,42.00355278,42.00355278,-88.12639444,-88.12639444,30,Utility Pole/Light Support,0,The First Harmful Event was Not a Collision with a Motor Vehicle in Transport,0,No,1,Non-Junction,1,Not an Intersection,4,On Roadside,0,None,6,Dark - Unknown Lighting,1,Clear,0,No,0000000,Not Applicable,23,11:00pm-11:59pm,53,53,0,0:00am-0:59am,0,0,99,Unknown,99,Unknown EMS Hospital Arrival Time,1
17,Illinois,170225,0,0,2,2,0,2,2,31,COOK (31),0,NOT APPLICABLE,3,March,25,25,6,Friday,2022,14,2:00pm-2:59pm,55,55,I-90,NA,1,Interstate,2,Urban,1,Interstate,1,State Highway Agency,1,This section IS ON the NHS,0,No Special Jurisdiction,725,725,42.02488056,42.02488056,-87.95923333,-87.95923333,12,Motor Vehicle In-Transport,7,Sideswipe - Same Direction,0,No,1,Non-Junction,1,Not an Intersection,1,On Roadway,0,None,1,Daylight,1,Clear,0,No,0000000,Not Applicable,14,2:00pm-2:59pm,55,55,15,3:00pm-3:59pm,6,6,99,Unknown,99,Unknown EMS Hospital Arrival Time,1
17,Illinois,170226,0,0,2,2,0,6,6,201,WINNEBAGO (201),7460,ROCKFORD,3,March,18,18,6,Friday,2022,13,1:00pm-1:59pm,55,55,SR-2,WHITMAN ST,3,State Highway,2,Urban,3,Principal Arterial - Other,1,State Highway Agency,1,This section IS ON the NHS,0,No Special Jurisdiction,99998,Not Reported,42.27905,42.27905,-89.08737778,-89.08737778,12,Motor Vehicle In-Transport,6,Angle,0,No,2,Intersection,2,Four-Way Intersection,1,On Roadway,0,None,1,Daylight,2,Rain,0,No,0000000,Not Applicable,13,1:00pm-1:59pm,56,56,14,2:00pm-2:59pm,1,1,99,Unknown,99,Unknown EMS Hospital Arrival Time,1
17,Illinois,170227,0,0,2,2,0,3,3,31,COOK (31),0,NOT APPLICABLE,4,April,1,1,6,Friday,2022,8,8:00am-8:59am,25,25,WEST GRAND AVE,NA,6,Local Street - Municipality,2,Urban,6,Minor Collector,4,City or Municipal Highway Agency,0,This section IS NOT on the NHS,0,No Special Jurisdiction,0,None,41.93084722,41.93084722,-87.90353611,-87.90353611,12,Motor Vehicle In-Transport,6,Angle,0,No,8,Driveway Access Related,1,Not an Intersection,1,On Roadway,0,None,3,Dark - Lighted,1,Clear,0,No,0000000,Not Applicable,8,8:00am-8:59am,26,26,8,8:00am-8:59am,29,29,99,Unknown,99,Unknown EMS Hospital Arrival Time,1
17,Illinois,170228,0,0,3,3,0,3,3,97,LAKE (97),0,NOT APPLICABLE,3,March,31,31,5,Thursday,2022,14,2:00pm-2:59pm,2,2,I-94,NA,1,Interstate,2,Urban,1,Interstate,1,State Highway Agency,1,This section IS ON the NHS,0,No Special Jurisdiction,240,240,42.17146111,42.17146111,-87.87390278,-87.87390278,12,Motor Vehicle In-Transport,1,Front-to-Rear,0,No,1,Non-Junction,1,Not an Intersection,1,On Roadway,0,None,1,Daylight,10,Cloudy,0,No,0000000,Not Applicable,14,2:00pm-2:59pm,6,6,14,2:00pm-2:59pm,14,14,99,Unknown,99,Unknown EMS Hospital Arrival Time,1
17,Illinois,170229,0,0,1,1,0,1,1,163,ST. CLAIR (163),0,NOT APPLICABLE,3,March,27,27,1,Sunday,2022,0,0:00am-0:59am,27,27,SR-161,NA,3,State Highway,1,Rural,4,Minor Arterial,1,State Highway Agency,0,This section IS NOT on the NHS,0,No Special Jurisdiction,198,198,38.52470278,38.52470278,-89.75315,-89.75315,34,Ditch,0,The First Harmful Event was Not a Collision with a Motor Vehicle in Transport,0,No,1,Non-Junction,1,Not an Intersection,4,On Roadside,0,None,6,Dark - Unknown Lighting,1,Clear,0,No,0000000,Not Applicable,0,0:00am-0:59am,27,27,0,0:00am-0:59am,45,45,99,Unknown,99,Unknown EMS Hospital Arrival Time,1
17,Illinois,170230,1,1,1,1,0,2,2,31,COOK (31),8620,TINLEY PARK,3,March,7,7,2,Monday,2022,18,6:00pm-6:59pm,34,34,SR-43,NA,3,State Highway,2,Urban,3,Principal Arterial - Other,1,State Highway Agency,1,This section IS ON the NHS,0,No Special Jurisdiction,99998,Not Reported,41.57733056,41.57733056,-87.79343056,-87.79343056,8,Pedestrian,0,The First Harmful Event was Not a Collision with a Motor Vehicle in Transport,0,No,1,Non-Junction,1,Not an Intersection,1,On Roadway,0,None,2,Dark - Not Lighted,1,Clear,0,No,0000000,Not Applicable,99,Unknown,99,Unknown,99,Unknown EMS Scene Arrival Hour,99,Unknown EMS Scene Arrival Minutes,99,Unknown,99,Unknown EMS Hospital Arrival Time,1
17,Illinois,170231,1,1,1,1,0,1,1,31,COOK (31),1670,CHICAGO,3,March,16,16,4,Wednesday,2022,19,7:00pm-7:59pm,37,37,WESTERN AVE,NA,6,Local Street - Municipality,2,Urban,3,Principal Arterial - Other,4,City or Municipal Highway Agency,1,This section IS ON the NHS,0,No Special Jurisdiction,99998,Not Reported,41.69468611,41.69468611,-87.68125556,-87.68125556,8,Pedestrian,0,The First Harmful Event was Not a Collision with a Motor Vehicle in Transport,0,No,1,Non-Junction,1,Not an Intersection,1,On Roadway,0,None,6,Dark - Unknown Lighting,1,Clear,0,No,0000000,Not Applicable,19,7:00pm-7:59pm,33,33,19,7:00pm-7:59pm,49,49,99,Unknown,99,Unknown EMS Hospital Arrival Time,1
17,Illinois,170232,0,0,6,6,0,9,9,89,KANE (89),560,BATAVIA,3,March,21,21,2,Monday,2022,13,1:00pm-1:59pm,32,32,CR-77,NA,4,County Road,2,Urban,3,Principal Arterial - Other,3,Town or Township Highway Agency,1,This section IS ON the NHS,0,No Special Jurisdiction,99998,Not Reported,41.83421111,41.83421111,-88.27938889,-88.27938889,12,Motor Vehicle In-Transport,7,Sideswipe - Same Direction,0,No,1,Non-Junction,1,Not an Intersection,1,On Roadway,0,None,1,Daylight,1,Clear,0,No,0000000,Not Applicable,13,1:00pm-1:59pm,36,36,13,1:00pm-1:59pm,38,38,99,Unknown,99,Unknown EMS Hospital Arrival Time,2
17,Illinois,170233,0,0,1,1,0,1,1,27,CLINTON (27),0,NOT APPLICABLE,3,March,10,10,5,Thursday,2022,12,12:00pm-12:59pm,0,0,CR-14,GOODINGS FORD RD,4,County Road,1,Rural,4,Minor Arterial,3,Town or Township Highway Agency,0,This section IS NOT on the NHS,0,No Special Jurisdiction,99998,Not Reported,38.69865278,38.69865278,-89.55506944,-89.55506944,34,Ditch,0,The First Harmful Event was Not a Collision with a Motor Vehicle in Transport,0,No,3,Intersection-Related,2,Four-Way Intersection,4,On Roadside,0,None,1,Daylight,1,Clear,0,No,0000000,Not Applicable,12,12:00pm-12:59pm,3,3,12,12:00pm-12:59pm,25,25,99,Unknown,99,Unknown EMS Hospital Arrival Time,1
17,Illinois,170234,0,0,2,2,0,2,2,197,WILL (197),4910,LOCKPORT,3,March,23,23,4,Wednesday,2022,19,7:00pm-7:59pm,42,42,CR-62,LAGO VISTA BLVD,4,County Road,2,Urban,5,Major Collector,3,Town or Township Highway Agency,0,This section IS NOT on the NHS,0,No Special Jurisdiction,99998,Not Reported,41.57706667,41.57706667,-88.04478611,-88.04478611,12,Motor Vehicle In-Transport,6,Angle,0,No,2,Intersection,2,Four-Way Intersection,1,On Roadway,0,None,3,Dark - Lighted,2,Rain,0,No,0000000,Not Applicable,19,7:00pm-7:59pm,42,42,19,7:00pm-7:59pm,45,45,99,Unknown,99,Unknown EMS Hospital Arrival Time,1
17,Illinois,170235,1,1,1,1,0,1,1,179,TAZEWELL (179),6840,PEKIN,3,March,31,31,5,Thursday,2022,15,3:00pm-3:59pm,38,38,SR-29,NA,3,State Highway,2,Urban,4,Minor Arterial,1,State Highway Agency,0,This section IS NOT on the NHS,0,No Special Jurisdiction,99998,Not Reported,40.5472,40.5472,-89.66458056,-89.66458056,8,Pedestrian,0,The First Harmful Event was Not a Collision with a Motor Vehicle in Transport,0,No,1,Non-Junction,1,Not an Intersection,1,On Roadway,0,None,1,Daylight,1,Clear,0,No,0000000,Not Applicable,99,Unknown,99,Unknown,99,Unknown EMS Scene Arrival Hour,99,Unknown EMS Scene Arrival Minutes,88,Not Applicable (Not Transported),88,Not Applicable (Not Transported),1
17,Illinois,170236,0,0,2,2,0,2,2,197,WILL (197),6140,NEW LENOX,3,March,24,24,5,Thursday,2022,12,12:00pm-12:59pm,0,0,US-30,VINE ST,2,US Highway,2,Urban,3,Principal Arterial - Other,1,State Highway Agency,1,This section IS ON the NHS,0,No Special Jurisdiction,99998,Not Reported,41.51613333,41.51613333,-87.97510278,-87.97510278,12,Motor Vehicle In-Transport,6,Angle,0,No,2,Intersection,2,Four-Way Intersection,1,On Roadway,0,None,1,Daylight,2,Rain,0,No,0000000,Not Applicable,99,Unknown,99,Unknown,99,Unknown EMS Scene Arrival Hour,99,Unknown EMS Scene Arrival Minutes,99,Unknown,99,Unknown EMS Hospital Arrival Time,1