STATE,STATENAME,ST_CASE,PEDS,PERNOTMVIT,VE_TOTAL,VE_FORMS,PVH_INVL,PERSONS,PERMVIT,COUNTY,COUNTYNAME,CITY,CITYNAME,MONTH,MONTHNAME,DAY,DAYNAME,DAY_WEEK,DAY_WEEKNAME,YEAR,HOUR,HOURNAME,MINUTE,MINUTENAME,TWAY_ID,TWAY_ID2,ROUTE,ROUTENAME,RUR_URB,RUR_URBNAME,FUNC_SYS,FUNC_SYSNAME,RD_OWNER,RD_OWNERNAME,NHS,NHSNAME,SP_JUR,SP_JURNAME,MILEPT,MILEPTNAME,LATITUDE,LATITUDENAME,LONGITUD,LONGITUDNAME,HARM_EV,HARM_EVNAME,MAN_COLL,MAN_COLLNAME,RELJCT1,RELJCT1NAME,RELJCT2,RELJCT2NAME,TYP_INT,TYP_INTNAME,REL_ROAD,REL_ROADNAME,WRK_ZONE,WRK_ZONENAME,LGT_COND,LGT_CONDNAME,WEATHER,WEATHERNAME,SCH_BUS,SCH_BUSNAME,RAIL,RAILNAME,NOT_HOUR,NOT_HOURNAME,NOT_MIN,NOT_MINNAME,ARR_HOUR,ARR_HOURNAME,ARR_MIN,ARR_MINNAME,HOSP_HR,HOSP_HRNAME,HOSP_MN,HOSP_MNNAME,FATALS
17,Illinois,170312,0,0,2,2,0,2,2,179,TAZEWELL (179),0,NOT APPLICABLE,5,May,2,2,2,Monday,2022,13,1:00pm-1:59pm,55,55,SR-26 SPRING BAY RD,W SPRING CREEK RD,3,State Highway,2,Urban,5,Major Collector,1,State Highway Agency,0,This section IS NOT on the NHS,0,No Special Jurisdiction,0,None,40.73248611,40.73248611,-89.52176111,-89.52176111,12,Motor Vehicle In-Transport,1,Front-to-Rear,0,No,2,Intersection,3,T-Intersection,1,On Roadway,0,None,1,Daylight,8,Other,0,No,0000000,Not Applicable,99,Unknown,99,Unknown,99,Unknown EMS Scene Arrival Hour,99,Unknown EMS Scene Arrival Minutes,88,Not Applicable (Not Transported),88,Not Applicable (Not Transported),1
17,Illinois,170313,0,0,2,2,0,2,2,31,COOK (31),7502,ROSEMONT,5,May,2,2,2,Monday,2022,15,3:00pm-3:59pm,15,15,US-45 MANNHEIM,TOUHY AVE,2,US Highway,2,Urban,3,Principal Arterial - Other,1,State Highway Agency,1,This section IS ON the NHS,0,No Special Jurisdiction,0,None,42.00961944,42.00961944,-87.88584444,-87.88584444,12,Motor Vehicle In-Transport,6,Angle,0,No,2,Intersection,2,Four-Way Intersection,1,On Roadway,0,None,1,Daylight,8,Other,0,No,0000000,Not Applicable,15,3:00pm-3:59pm,15,15,15,3:00pm-3:59pm,19,19,99,Unknown,99,Unknown EMS Hospital Arrival Time,1
17,Illinois,170314,0,0,3,3,0,3,3,143,PEORIA (143),6850,PEORIA,4,April,24,24,1,Sunday,2022,19,7:00pm-7:59pm,54,54,SR-40,HICKORY GROVE,3,State Highway,2,Urban,4,Minor Arterial,1,State Highway Agency,0,This section IS NOT on the NHS,0,No Special Jurisdiction,114,114,40.82775833,40.82775833,-89.61493611,-89.61493611,12,Motor Vehicle In-Transport,6,Angle,0,No,2,Intersection,2,Four-Way Intersection,1,On Roadway,0,None,3,Dark - Lighted,1,Clear,0,No,0000000,Not Applicable,19,7:00pm-7:59pm,54,54,19,7:00pm-7:59pm,58,58,99,Unknown,99,Unknown EMS Hospital Arrival Time,1
17,Illinois,170315,0,0,1,1,0,2,2,31,COOK (31),1670,CHICAGO,4,April,19,19,3,Tuesday,2022,19,7:00pm-7:59pm,50,50,I-55,NA,1,Interstate,2,Urban,1,Interstate,1,State Highway Agency,1,This section IS ON the NHS,0,No Special Jurisdiction,2918,2918,41.84446944,41.84446944,-87.65386111,-87.65386111,25,Concrete Traffic Barrier,0,The First Harmful Event was Not a Collision with a Motor Vehicle in Transport,0,No,1,Non-Junction,1,Not an Intersection,4,On Roadside,0,None,3,Dark - Lighted,1,Clear,0,No,0000000,Not Applicable,99,Unknown,99,Unknown,99,Unknown EMS Scene Arrival Hour,99,Unknown EMS Scene Arrival Minutes,99,Unknown,99,Unknown EMS Hospital Arrival Time,2
17,Illinois,170316,0,0,2,2,0,3,3,157,RANDOLPH (157),0,NOT APPLICABLE,4,April,22,22,6,Friday,2022,12,12:00pm-12:59pm,55,55,SR-4,JAMES ST,3,State Highway,1,Rural,4,Minor Arterial,1,State Highway Agency,0,This section IS NOT on the NHS,0,No Special Jurisdiction,258,258,38.00701111,38.00701111,-89.66311111,-89.66311111,12,Motor Vehicle In-Transport,6,Angle,0,No,2,Intersection,2,Four-Way Intersection,1,On Roadway,0,None,1,Daylight,1,Clear,0,No,0000000,Not Applicable,99,Unknown,99,Unknown,99,Unknown EMS Scene Arrival Hour,99,Unknown EMS Scene Arrival Minutes,99,Unknown,99,Unknown EMS Hospital Arrival Time,2
17,Illinois,170317,0,0,1,1,0,1,1,163,ST. CLAIR (163),0,NOT APPLICABLE,4,April,23,23,7,Saturday,2022,0,0:00am-0:59am,5,5,SR-13,NA,3,State Highway,1,Rural,3,Principal Arterial - Other,1,State Highway Agency,1,This section IS ON the NHS,0,No Special Jurisdiction,314,314,38.30433611,38.30433611,-89.84340278,-89.84340278,52,Guardrail End,0,The First Harmful Event was Not a Collision with a Motor Vehicle in Transport,0,No,1,Non-Junction,1,Not an Intersection,4,On Roadside,0,None,6,Dark - Unknown Lighting,1,Clear,0,No,0000000,Not Applicable,99,Unknown,99,Unknown,99,Unknown EMS Scene Arrival Hour,99,Unknown EMS Scene Arrival Minutes,88,Not Applicable (Not Transported),88,Not Applicable (Not Transported),1
17,Illinois,170318,0,0,2,2,0,2,2,25,CLAY (25),0,NOT APPLICABLE,4,April,27,27,4,Wednesday,2022,13,1:00pm-1:59pm,1,1,CR-16,NA,4,County Road,1,Rural,5,Major Collector,3,Town or Township Highway Agency,0,This section IS NOT on the NHS,0,No Special Jurisdiction,99998,Not Reported,38.83489444,38.83489444,-88.30635556,-88.30635556,12,Motor Vehicle In-Transport,6,Angle,0,No,1,Non-Junction,1,Not an Intersection,1,On Roadway,0,None,1,Daylight,1,Clear,0,No,0000000,Not Applicable,13,1:00pm-1:59pm,1,1,13,1:00pm-1:59pm,18,18,99,Unknown,99,Unknown EMS Hospital Arrival Time,1
17,Illinois,170319,1,1,1,1,0,1,1,199,WILLIAMSON (199),5250,MARION,6,June,21,21,3,Tuesday,2022,22,10:00pm-10:59pm,58,58,SR-13,OLD BAINBRIDGE TRAIL,3,State Highway,2,Urban,3,Principal Arterial - Other,1,State Highway Agency,1,This section IS ON the NHS,0,No Special Jurisdiction,87,87,37.74491389,37.74491389,-88.99332222,-88.99332222,8,Pedestrian,0,The First Harmful Event was Not a Collision with a Motor Vehicle in Transport,0,No,3,Intersection-Related,2,Four-Way Intersection,1,On Roadway,0,None,3,Dark - Lighted,1,Clear,0,No,0000000,Not Applicable,22,10:00pm-10:59pm,58,58,23,11:00pm-11:59pm,2,2,99,Unknown,99,Unknown EMS Hospital Arrival Time,1
17,Illinois,170320,0,0,1,1,0,2,2,31,COOK (31),1670,CHICAGO,1,January,30,30,1,Sunday,2022,17,5:00pm-5:59pm,20,20,S ARCHER AVE,NA,6,Local Street - Municipality,2,Urban,4,Minor Arterial,1,State Highway Agency,0,This section IS NOT on the NHS,0,No Special Jurisdiction,0,None,41.838375,41.838375,-87.66446944,-87.66446944,5,Fell/Jumped from Vehicle,0,The First Harmful Event was Not a Collision with a Motor Vehicle in Transport,0,No,1,Non-Junction,1,Not an Intersection,1,On Roadway,0,None,3,Dark - Lighted,1,Clear,0,No,0000000,Not Applicable,17,5:00pm-5:59pm,99,Unknown,17,5:00pm-5:59pm,30,30,99,Unknown,99,Unknown EMS Hospital Arrival Time,1
17,Illinois,170321,1,1,1,1,0,1,1,31,COOK (31),1670,CHICAGO,3,March,24,24,5,Thursday,2022,22,10:00pm-10:59pm,6,6,SHERIDAN RD,BIRCHWOOD,6,Local Street - Municipality,2,Urban,4,Minor Arterial,1,State Highway Agency,0,This section IS NOT on the NHS,0,No Special Jurisdiction,0,None,42.01805278,42.01805278,-87.665725,-87.665725,9,Pedalcyclist,0,The First Harmful Event was Not a Collision with a Motor Vehicle in Transport,0,No,3,Intersection-Related,2,Four-Way Intersection,1,On Roadway,0,None,3,Dark - Lighted,2,Rain,0,No,0000000,Not Applicable,22,10:00pm-10:59pm,99,Unknown,22,10:00pm-10:59pm,13,13,99,Unknown,99,Unknown EMS Hospital Arrival Time,1
17,Illinois,170322,0,0,2,2,0,5,5,59,GALLATIN (59),0,NOT APPLICABLE,5,May,26,26,5,Thursday,2022,21,9:00pm-9:59pm,17,17,SR-13,NA,3,State Highway,1,Rural,3,Principal Arterial - Other,1,State Highway Agency,0,This section IS NOT on the NHS,0,No Special Jurisdiction,99998,Not Reported,37.71947222,37.71947222,-88.21436389,-88.21436389,12,Motor Vehicle In-Transport,8,Sideswipe - Opposite Direction,0,No,1,Non-Junction,1,Not an Intersection,1,On Roadway,0,None,2,Dark - Not Lighted,1,Clear,0,No,0000000,Not Applicable,21,9:00pm-9:59pm,22,22,21,9:00pm-9:59pm,28,28,99,Unknown,99,Unknown EMS Hospital Arrival Time,1
17,Illinois,170323,0,0,2,2,0,3,3,101,LAWRENCE (101),0,NOT APPLICABLE,5,May,23,23,2,Monday,2022,99,Unknown Hours,99,Unknown Minutes,SR-1,NA,3,State Highway,1,Rural,3,Principal Arterial - Other,1,State Highway Agency,1,This section IS ON the NHS,0,No Special Jurisdiction,99998,Not Reported,38.81073056,38.81073056,-87.68479167,-87.68479167,12,Motor Vehicle In-Transport,8,Sideswipe - Opposite Direction,0,No,1,Non-Junction,1,Not an Intersection,1,On Roadway,0,None,1,Daylight,1,Clear,0,No,0000000,Not Applicable,15,3:00pm-3:59pm,45,45,15,3:00pm-3:59pm,54,54,99,Unknown,99,Unknown EMS Hospital Arrival Time,1
17,Illinois,170324,0,0,2,2,0,2,2,79,JASPER (79),0,NOT APPLICABLE,4,April,25,25,2,Monday,2022,15,3:00pm-3:59pm,14,14,SR-33,NA,3,State Highway,1,Rural,4,Minor Arterial,1,State Highway Agency,0,This section IS NOT on the NHS,0,No Special Jurisdiction,99998,Not Reported,39.02232778,39.02232778,-88.26533056,-88.26533056,12,Motor Vehicle In-Transport,2,Front-to-Front,0,No,1,Non-Junction,1,Not an Intersection,1,On Roadway,0,None,1,Daylight,1,Clear,0,No,0000000,Not Applicable,15,3:00pm-3:59pm,14,14,15,3:00pm-3:59pm,22,22,88,Not Applicable (Not Transported),88,Not Applicable (Not Transported),1
17,Illinois,170325,0,0,2,2,0,2,2,197,WILL (197),6870,PEOTONE,5,May,6,6,6,Friday,2022,10,10:00am-10:59am,29,29,US-45,NA,2,US Highway,1,Rural,3,Principal Arterial - Other,1,State Highway Agency,1,This section IS ON the NHS,0,No Special Jurisdiction,99998,Not Reported,41.30058333,41.30058333,-87.88118611,-87.88118611,12,Motor Vehicle In-Transport,6,Angle,0,No,1,Non-Junction,1,Not an Intersection,1,On Roadway,0,None,1,Daylight,1,Clear,0,No,0000000,Not Applicable,10,10:00am-10:59am,30,30,10,10:00am-10:59am,36,36,99,Unknown,99,Unknown EMS Hospital Arrival Time,1
17,Illinois,170326,0,0,2,2,0,3,3,135,MONTGOMERY (135),0,NOT APPLICABLE,5,May,11,11,4,Wednesday,2022,17,5:00pm-5:59pm,40,40,SR-108,E 2ND R,3,State Highway,1,Rural,4,Minor Arterial,1,State Highway Agency,0,This section IS NOT on the NHS,0,No Special Jurisdiction,99998,Not Reported,39.27866667,39.27866667,-89.661475,-89.661475,12,Motor Vehicle In-Transport,1,Front-to-Rear,0,No,2,Intersection,2,Four-Way Intersection,1,On Roadway,0,None,1,Daylight,1,Clear,0,No,0000000,Not Applicable,17,5:00pm-5:59pm,44,44,18,6:00pm-6:59pm,0,0,88,Not Applicable (Not Transported),88,Not Applicable (Not Transported),1
17,Illinois,170327,0,0,2,2,0,2,2,135,MONTGOMERY (135),0,NOT APPLICABLE,6,June,2,2,5,Thursday,2022,2,2:00am-2:59am,21,21,SR-185,NA,3,State Highway,1,Rural,3,Principal Arterial - Other,1,State Highway Agency,1,This section IS ON the NHS,0,No Special Jurisdiction,99998,Not Reported,39.03201667,39.03201667,-89.27078056,-89.27078056,12,Motor Vehicle In-Transport,6,Angle,0,No,1,Non-Junction,1,Not an Intersection,1,On Roadway,0,None,6,Dark - Unknown Lighting,10,Cloudy,0,No,0000000,Not Applicable,2,2:00am-2:59am,21,21,2,2:00am-2:59am,30,30,88,Not Applicable (Not Transported),88,Not Applicable (Not Transported),1
17,Illinois,170328,0,0,1,1,0,4,4,31,COOK (31),0,NOT APPLICABLE,5,May,15,15,1,Sunday,2022,3,3:00am-3:59am,28,28,I-290,NA,1,Interstate,2,Urban,1,Interstate,1,State Highway Agency,1,This section IS ON the NHS,0,No Special Jurisdiction,99998,Not Reported,41.87592222,41.87592222,-87.67179722,-87.67179722,25,Concrete Traffic Barrier,0,The First Harmful Event was Not a Collision with a Motor Vehicle in Transport,0,No,1,Non-Junction,1,Not an Intersection,3,On Median,0,None,3,Dark - Lighted,1,Clear,0,No,0000000,Not Applicable,3,3:00am-3:59am,28,28,3,3:00am-3:59am,36,36,99,Unknown,99,Unknown EMS Hospital Arrival Time,2
17,Illinois,170329,0,0,2,2,0,2,2,141,OGLE (141),0,NOT APPLICABLE,5,May,19,19,5,Thursday,2022,6,6:00am-6:59am,43,43,CR-7,NA,4,County Road,1,Rural,5,Major Collector,3,Town or Township Highway Agency,0,This section IS NOT on the NHS,0,No Special Jurisdiction,99998,Not Reported,41.96854444,41.96854444,-89.61805556,-89.61805556,12,Motor Vehicle In-Transport,2,Front-to-Front,0,No,1,Non-Junction,1,Not an Intersection,1,On Roadway,0,None,1,Daylight,1,Clear,0,No,0000000,Not Applicable,6,6:00am-6:59am,45,45,6,6:00am-6:59am,51,51,99,Unknown,99,Unknown EMS Hospital Arrival Time,1
17,Illinois,170330,0,0,2,2,0,2,2,179,TAZEWELL (179),0,NOT APPLICABLE,6,June,4,4,7,Saturday,2022,23,11:00pm-11:59pm,47,47,SR-116,NA,3,State Highway,2,Urban,4,Minor Arterial,1,State Highway Agency,0,This section IS NOT on the NHS,0,No Special Jurisdiction,99998,Not Reported,40.72085278,40.72085278,-89.525775,-89.525775,12,Motor Vehicle In-Transport,2,Front-to-Front,0,No,1,Non-Junction,1,Not an Intersection,1,On Roadway,0,None,6,Dark - Unknown Lighting,1,Clear,0,No,0000000,Not Applicable,23,11:00pm-11:59pm,47,47,23,11:00pm-11:59pm,57,57,99,Unknown,99,Unknown EMS Hospital Arrival Time,1
17,Illinois,170331,0,0,2,2,0,2,2,31,COOK (31),5280,MARKHAM,6,June,16,16,5,Thursday,2022,22,10:00pm-10:59pm,29,29,CRAWFORD AVE,167TH ST,8,Other,2,Urban,4,Minor Arterial,1,State Highway Agency,0,This section IS NOT on the NHS,0,No Special Jurisdiction,99998,Not Reported,41.58621389,41.58621389,-87.71386944,-87.71386944,12,Motor Vehicle In-Transport,6,Angle,0,No,2,Intersection,2,Four-Way Intersection,1,On Roadway,0,None,3,Dark - Lighted,1,Clear,0,No,0000000,Not Applicable,22,10:00pm-10:59pm,30,30,22,10:00pm-10:59pm,35,35,99,Unknown,99,Unknown EMS Hospital Arrival Time,1
17,Illinois,170332,0,1,3,2,1,3,2,197,WILL (197),4300,JOLIET,4,April,19,19,3,Tuesday,2022,15,3:00pm-3:59pm,38,38,I-80,NA,1,Interstate,2,Urban,1,Interstate,1,State Highway Agency,1,This section IS ON the NHS,0,No Special Jurisdiction,99998,Not Reported,41.50928889,41.50928889,-88.14192778,-88.14192778,14,Parked Motor Vehicle,0,The First Harmful Event was Not a Collision with a Motor Vehicle in Transport,0,No,1,Non-Junction,1,Not an Intersection,2,On Shoulder,0,None,1,Daylight,1,Clear,0,No,0000000,Not Applicable,15,3:00pm-3:59pm,39,39,15,3:00pm-3:59pm,50,50,99,Unknown,99,Unknown EMS Hospital Arrival Time,1
17,Illinois,170333,0,0,2,2,0,3,3,19,CHAMPAIGN (19),0,NOT APPLICABLE,6,June,12,12,1,Sunday,2022,23,11:00pm-11:59pm,2,2,US-136,NA,2,US Highway,1,Rural,4,Minor Arterial,1,State Highway Agency,0,This section IS NOT on the NHS,0,No Special Jurisdiction,99998,Not Reported,40.31291111,40.31291111,-88.00671944,-88.00671944,12,Motor Vehicle In-Transport,7,Sideswipe - Same Direction,0,No,1,Non-Junction,1,Not an Intersection,1,On Roadway,0,None,6,Dark - Unknown Lighting,1,Clear,0,No,0000000,Not Applicable,23,11:00pm-11:59pm,2,2,23,11:00pm-11:59pm,15,15,88,Not Applicable (Not Transported),88,Not Applicable (Not Transported),1
17,Illinois,170334,0,0,2,1,1,1,1,31,COOK (31),1670,CHICAGO,5,May,6,6,6,Friday,2022,1,1:00am-1:59am,43,43,I-90,NA,1,Interstate,2,Urban,1,Interstate,1,State Highway Agency,1,This section IS ON the NHS,0,No Special Jurisdiction,99998,Not Reported,41.983775,41.983775,-87.84687778,-87.84687778,18,Other Object (not fixed),0,The First Harmful Event was Not a Collision with a Motor Vehicle in Transport,0,No,1,Non-Junction,1,Not an Intersection,5,Outside Trafficway,1,Construction,3,Dark - Lighted,2,Rain,0,No,0000000,Not Applicable,1,1:00am-1:59am,43,43,1,1:00am-1:59am,49,49,88,Not Applicable (Not Transported),88,Not Applicable (Not Transported),1
17,Illinois,170335,0,0,2,2,0,2,2,31,COOK (31),1670,CHICAGO,4,April,28,28,5,Thursday,2022,14,2:00pm-2:59pm,12,12,SR-50,ERIE ST,3,State Highway,2,Urban,3,Principal Arterial - Other,1,State Highway Agency,1,This section IS ON the NHS,0,No Special Jurisdiction,99998,Not Reported,41.892275,41.892275,-87.74571389,-87.74571389,12,Motor Vehicle In-Transport,6,Angle,0,No,2,Intersection,2,Four-Way Intersection,1,On Roadway,0,None,1,Daylight,10,Cloudy,0,No,0000000,Not Applicable,99,Unknown,99,Unknown,14,2:00pm-2:59pm,23,23,99,Unknown,99,Unknown EMS Hospital Arrival Time,1
17,Illinois,170336,1,1,1,1,0,1,1,197,WILL (197),0,NOT APPLICABLE,4,April,30,30,7,Saturday,2022,23,11:00pm-11:59pm,35,35,SR-53,NA,3,State Highway,2,Urban,3,Principal Arterial - Other,1,State Highway Agency,1,This section IS ON the NHS,0,No Special Jurisdiction,99998,Not Reported,41.49085278,41.49085278,-88.08040556,-88.08040556,8,Pedestrian,0,The First Harmful Event was Not a Collision with a Motor Vehicle in Transport,0,No,1,Non-Junction,1,Not an Intersection,1,On Roadway,0,None,6,Dark - Unknown Lighting,1,Clear,0,No,0000000,Not Applicable,23,11:00pm-11:59pm,35,35,23,11:00pm-11:59pm,40,40,88,Not Applicable (Not Transported),88,Not Applicable (Not Transported),1
17,Illinois,170337,0,0,2,2,0,5,5,5,BOND (5),3640,GREENVILLE,4,April,16,16,7,Saturday,2022,13,1:00pm-1:59pm,27,27,US-40,SR-127,2,US Highway,2,Urban,4,Minor Arterial,1,State Highway Agency,0,This section IS NOT on the NHS,0,No Special Jurisdiction,99998,Not Reported,38.878775,38.878775,-89.39068333,-89.39068333,12,Motor Vehicle In-Transport,2,Front-to-Front,0,No,2,Intersection,2,Four-Way Intersection,1,On Roadway,0,None,1,Daylight,1,Clear,0,No,0000000,Not Applicable,13,1:00pm-1:59pm,27,27,13,1:00pm-1:59pm,35,35,99,Unknown,99,Unknown EMS Hospital Arrival Time,1
17,Illinois,170339,0,0,2,2,0,2,2,31,COOK (31),1670,CHICAGO,4,April,18,18,2,Monday,2022,0,0:00am-0:59am,28,28,I-55 NB TO CALIFORNIA AVE,CALIFORNIA AVE,1,Interstate,2,Urban,1,Interstate,1,State Highway Agency,1,This section IS ON the NHS,0,No Special Jurisdiction,99998,Not Reported,41.83154167,41.83154167,-87.69485,-87.69485,12,Motor Vehicle In-Transport,6,Angle,1,Yes,3,Intersection-Related,3,T-Intersection,1,On Roadway,0,None,3,Dark - Lighted,1,Clear,0,No,0000000,Not Applicable,0,0:00am-0:59am,28,28,0,0:00am-0:59am,30,30,99,Unknown,99,Unknown EMS Hospital Arrival Time,1
17,Illinois,170340,0,0,2,2,0,4,4,19,CHAMPAIGN (19),0,NOT APPLICABLE,5,May,5,5,5,Thursday,2022,9,9:00am-9:59am,52,52,LINCOLN AVE,NA,5,Local Street - Township,2,Urban,3,Principal Arterial - Other,3,Town or Township Highway Agency,0,This section IS NOT on the NHS,0,No Special Jurisdiction,0,None,40.15481944,40.15481944,-88.21368333,-88.21368333,12,Motor Vehicle In-Transport,6,Angle,0,No,1,Non-Junction,1,Not an Intersection,1,On Roadway,0,None,1,Daylight,2,Rain,0,No,0000000,Not Applicable,9,9:00am-9:59am,52,52,10,10:00am-10:59am,5,5,99,Unknown,99,Unknown EMS Hospital Arrival Time,1
17,Illinois,170341,0,0,2,2,0,3,3,49,EFFINGHAM (49),0,NOT APPLICABLE,4,April,19,19,3,Tuesday,2022,10,10:00am-10:59am,48,48,SR-128,SR-40,3,State Highway,1,Rural,5,Major Collector,1,State Highway Agency,0,This section IS NOT on the NHS,0,No Special Jurisdiction,848,848,39.03718333,39.03718333,-88.80588333,-88.80588333,12,Motor Vehicle In-Transport,6,Angle,0,No,2,Intersection,2,Four-Way Intersection,1,On Roadway,0,None,1,Daylight,1,Clear,0,No,0000000,Not Applicable,10,10:00am-10:59am,50,50,11,11:00am-11:59am,1,1,99,Unknown,99,Unknown EMS Hospital Arrival Time,1
17,Illinois,170342,1,1,1,1,0,1,1,107,LOGAN (107),0,NOT APPLICABLE,4,April,23,23,7,Saturday,2022,1,1:00am-1:59am,44,44,SR-66 OLD ROUTE 66,NA,3,State Highway,1,Rural,5,Major Collector,1,State Highway Agency,0,This section IS NOT on the NHS,0,No Special Jurisdiction,99998,Not Reported,40.24395556,40.24395556,-89.25148611,-89.25148611,9,Pedalcyclist,0,The First Harmful Event was Not a Collision with a Motor Vehicle in Transport,0,No,1,Non-Junction,1,Not an Intersection,1,On Roadway,0,None,2,Dark - Not Lighted,1,Clear,0,No,0000000,Not Applicable,1,1:00am-1:59am,44,44,1,1:00am-1:59am,44,44,88,Not Applicable (Not Transported),88,Not Applicable (Not Transported),1
17,Illinois,170343,1,1,1,1,0,2,2,99,LASALLE (99),4690,LA SALLE,5,May,8,8,1,Sunday,2022,16,4:00pm-4:59pm,12,12,IL-ROUTE 351,NA,8,Other,2,Urban,5,Major Collector,1,State Highway Agency,0,This section IS NOT on the NHS,0,No Special Jurisdiction,0,None,41.32698333,41.32698333,-89.09380833,-89.09380833,9,Pedalcyclist,0,The First Harmful Event was Not a Collision with a Motor Vehicle in Transport,0,No,1,Non-Junction,1,Not an Intersection,2,On Shoulder,0,None,1,Daylight,1,Clear,0,No,0000000,Not Applicable,16,4:00pm-4:59pm,24,24,16,4:00pm-4:59pm,34,34,99,Unknown,99,Unknown EMS Hospital Arrival Time,1
17,Illinois,170344,0,0,2,2,0,6,6,31,COOK (31),0,NOT APPLICABLE,5,May,7,7,7,Saturday,2022,22,10:00pm-10:59pm,32,32,SR-171,95TH ST,3,State Highway,2,Urban,4,Minor Arterial,1,State Highway Agency,0,This section IS NOT on the NHS,0,No Special Jurisdiction,170,170,41.71651389,41.71651389,-87.89890556,-87.89890556,12,Motor Vehicle In-Transport,6,Angle,1,Yes,2,Intersection,3,T-Intersection,1,On Roadway,0,None,6,Dark - Unknown Lighting,1,Clear,0,No,0000000,Not Applicable,99,Unknown,99,Unknown,99,Unknown EMS Scene Arrival Hour,99,Unknown EMS Scene Arrival Minutes,99,Unknown,99,Unknown EMS Hospital Arrival Time,1
17,Illinois,170346,0,0,1,1,0,2,2,77,JACKSON (77),0,NOT APPLICABLE,5,May,8,8,1,Sunday,2022,1,1:00am-1:59am,8,8,SR-3,NA,3,State Highway,1,Rural,3,Principal Arterial - Other,1,State Highway Agency,1,This section IS ON the NHS,0,No Special Jurisdiction,99998,Not Reported,37.61316667,37.61316667,-89.48146667,-89.48146667,34,Ditch,0,The First Harmful Event was Not a Collision with a Motor Vehicle in Transport,0,No,1,Non-Junction,1,Not an Intersection,4,On Roadside,0,None,2,Dark - Not Lighted,1,Clear,0,No,0000000,Not Applicable,1,1:00am-1:59am,17,17,1,1:00am-1:59am,43,43,88,Not Applicable (Not Transported),88,Not Applicable (Not Transported),1
17,Illinois,170347,0,0,2,2,0,3,3,189,WASHINGTON (189),0,NOT APPLICABLE,5,May,8,8,1,Sunday,2022,15,3:00pm-3:59pm,0,0,SR-177,CIRCLE 8 RD,3,State Highway,1,Rural,5,Major Collector,1,State Highway Agency,0,This section IS NOT on the NHS,0,No Special Jurisdiction,99998,Not Reported,38.44166389,38.44166389,-89.46868056,-89.46868056,12,Motor Vehicle In-Transport,2,Front-to-Front,0,No,2,Intersection,2,Four-Way Intersection,1,On Roadway,0,None,1,Daylight,1,Clear,0,No,0000000,Not Applicable,15,3:00pm-3:59pm,3,3,15,3:00pm-3:59pm,17,17,88,Not Applicable (Not Transported),88,Not Applicable (Not Transported),1
17,Illinois,170348,0,0,3,3,0,5,5,55,FRANKLIN (55),8780,VALIER,5,May,4,4,4,Wednesday,2022,10,10:00am-10:59am,49,49,SR-148,CR-37,3,State Highway,1,Rural,4,Minor Arterial,1,State Highway Agency,0,This section IS NOT on the NHS,0,No Special Jurisdiction,301,301,38.02365,38.02365,-89.05358611,-89.05358611,12,Motor Vehicle In-Transport,6,Angle,0,No,2,Intersection,2,Four-Way Intersection,1,On Roadway,0,None,1,Daylight,1,Clear,0,No,0000000,Not Applicable,10,10:00am-10:59am,51,51,10,10:00am-10:59am,57,57,99,Unknown,99,Unknown EMS Hospital Arrival Time,1
17,Illinois,170349,0,0,3,3,0,6,6,141,OGLE (141),0,NOT APPLICABLE,4,April,24,24,1,Sunday,2022,13,1:00pm-1:59pm,1,1,SR-2,NA,3,State Highway,1,Rural,3,Principal Arterial - Other,1,State Highway Agency,1,This section IS ON the NHS,0,No Special Jurisdiction,109,109,42.09699444,42.09699444,-89.32490833,-89.32490833,12,Motor Vehicle In-Transport,6,Angle,0,No,1,Non-Junction,1,Not an Intersection,1,On Roadway,0,None,1,Daylight,1,Clear,1,Yes,0000000,Not Applicable,13,1:00pm-1:59pm,1,1,13,1:00pm-1:59pm,1,1,99,Unknown,99,Unknown EMS Hospital Arrival Time,1
17,Illinois,170350,0,0,2,2,0,2,2,31,COOK (31),2330,DES PLAINES,5,May,8,8,1,Sunday,2022,22,10:00pm-10:59pm,34,34,E TOUHY AVE,NA,6,Local Street - Municipality,2,Urban,6,Minor Collector,4,City or Municipal Highway Agency,0,This section IS NOT on the NHS,0,No Special Jurisdiction,0,None,42.00971667,42.00971667,-87.88370278,-87.88370278,33,Curb,0,The First Harmful Event was Not a Collision with a Motor Vehicle in Transport,0,No,1,Non-Junction,1,Not an Intersection,3,On Median,0,None,1,Daylight,1,Clear,0,No,0000000,Not Applicable,10,10:00am-10:59am,37,37,10,10:00am-10:59am,40,40,99,Unknown,99,Unknown EMS Hospital Arrival Time,1
17,Illinois,170351,0,0,2,2,0,4,4,191,WAYNE (191),0,NOT APPLICABLE,4,April,28,28,5,Thursday,2022,13,1:00pm-1:59pm,35,35,SR-15,NA,3,State Highway,1,Rural,3,Principal Arterial - Other,1,State Highway Agency,1,This section IS ON the NHS,0,No Special Jurisdiction,59,59,38.37188056,38.37188056,-88.25153333,-88.25153333,12,Motor Vehicle In-Transport,1,Front-to-Rear,0,No,1,Non-Junction,1,Not an Intersection,1,On Roadway,0,None,1,Daylight,1,Clear,0,No,0000000,Not Applicable,13,1:00pm-1:59pm,40,40,13,1:00pm-1:59pm,52,52,99,Unknown,99,Unknown EMS Hospital Arrival Time,1
17,Illinois,170352,0,0,2,2,0,3,3,19,CHAMPAIGN (19),0,NOT APPLICABLE,4,April,29,29,6,Friday,2022,16,4:00pm-4:59pm,5,5,SR-130,NA,3,State Highway,1,Rural,4,Minor Arterial,1,State Highway Agency,0,This section IS NOT on the NHS,0,No Special Jurisdiction,135,135,39.98368333,39.98368333,-88.16126667,-88.16126667,12,Motor Vehicle In-Transport,2,Front-to-Front,0,No,1,Non-Junction,1,Not an Intersection,1,On Roadway,0,None,1,Daylight,1,Clear,0,No,0000000,Not Applicable,16,4:00pm-4:59pm,6,6,16,4:00pm-4:59pm,10,10,99,Unknown,99,Unknown EMS Hospital Arrival Time,1