STATE,STATENAME,ST_CASE,PEDS,PERNOTMVIT,VE_TOTAL,VE_FORMS,PVH_INVL,PERSONS,PERMVIT,COUNTY,COUNTYNAME,CITY,CITYNAME,MONTH,MONTHNAME,DAY,DAYNAME,DAY_WEEK,DAY_WEEKNAME,YEAR,HOUR,HOURNAME,MINUTE,MINUTENAME,TWAY_ID,TWAY_ID2,ROUTE,ROUTENAME,RUR_URB,RUR_URBNAME,FUNC_SYS,FUNC_SYSNAME,RD_OWNER,RD_OWNERNAME,NHS,NHSNAME,SP_JUR,SP_JURNAME,MILEPT,MILEPTNAME,LATITUDE,LATITUDENAME,LONGITUD,LONGITUDNAME,HARM_EV,HARM_EVNAME,MAN_COLL,MAN_COLLNAME,RELJCT1,RELJCT1NAME,RELJCT2,RELJCT2NAME,TYP_INT,TYP_INTNAME,REL_ROAD,REL_ROADNAME,WRK_ZONE,WRK_ZONENAME,LGT_COND,LGT_CONDNAME,WEATHER,WEATHERNAME,SCH_BUS,SCH_BUSNAME,RAIL,RAILNAME,NOT_HOUR,NOT_HOURNAME,NOT_MIN,NOT_MINNAME,ARR_HOUR,ARR_HOURNAME,ARR_MIN,ARR_MINNAME,HOSP_HR,HOSP_HRNAME,HOSP_MN,HOSP_MNNAME,FATALS
17,Illinois,170390,0,0,1,1,0,1,1,191,WAYNE (191),0,NOT APPLICABLE,5,May,16,16,2,Monday,2022,17,5:00pm-5:59pm,15,15,I-64,NA,1,Interstate,1,Rural,1,Interstate,1,State Highway Agency,1,This section IS ON the NHS,0,No Special Jurisdiction,1035,1035,38.26838889,38.26838889,-88.47219722,-88.47219722,21,Bridge Pier or Support,0,The First Harmful Event was Not a Collision with a Motor Vehicle in Transport,0,No,1,Non-Junction,1,Not an Intersection,4,On Roadside,1,Construction,1,Daylight,1,Clear,0,No,0000000,Not Applicable,17,5:00pm-5:59pm,17,17,17,5:00pm-5:59pm,29,29,88,Not Applicable (Not Transported),88,Not Applicable (Not Transported),1
17,Illinois,170391,1,1,1,1,0,1,1,143,PEORIA (143),6850,PEORIA,5,May,19,19,5,Thursday,2022,4,4:00am-4:59am,5,5,US-24,ABINGTON,2,US Highway,2,Urban,3,Principal Arterial - Other,1,State Highway Agency,1,This section IS ON the NHS,0,No Special Jurisdiction,1174,1174,40.707175,40.707175,-89.56790833,-89.56790833,8,Pedestrian,0,The First Harmful Event was Not a Collision with a Motor Vehicle in Transport,0,No,3,Intersection-Related,2,Four-Way Intersection,1,On Roadway,0,None,3,Dark - Lighted,1,Clear,0,No,0000000,Not Applicable,99,Unknown,99,Unknown,4,4:00am-4:59am,7,7,88,Not Applicable (Not Transported),88,Not Applicable (Not Transported),1
17,Illinois,170392,0,0,1,1,0,1,1,119,MADISON (119),0,NOT APPLICABLE,5,May,20,20,6,Friday,2022,5,5:00am-5:59am,49,49,SR-143,NA,3,State Highway,2,Urban,3,Principal Arterial - Other,1,State Highway Agency,1,This section IS ON the NHS,0,No Special Jurisdiction,99998,Not Reported,38.83266944,38.83266944,-89.99262778,-89.99262778,34,Ditch,0,The First Harmful Event was Not a Collision with a Motor Vehicle in Transport,1,Yes,5,Entrance/Exit Ramp Related,1,Not an Intersection,4,On Roadside,0,None,6,Dark - Unknown Lighting,1,Clear,0,No,0000000,Not Applicable,99,Unknown,99,Unknown,99,Unknown EMS Scene Arrival Hour,99,Unknown EMS Scene Arrival Minutes,88,Not Applicable (Not Transported),88,Not Applicable (Not Transported),1
17,Illinois,170393,0,0,1,1,0,1,1,97,LAKE (97),9090,WAUCONDA,5,May,11,11,4,Wednesday,2022,22,10:00pm-10:59pm,21,21,CALLAHAN RD,NA,5,Local Street - Township,2,Urban,6,Minor Collector,3,Town or Township Highway Agency,0,This section IS NOT on the NHS,0,No Special Jurisdiction,99998,Not Reported,42.29618333,42.29618333,-88.14501389,-88.14501389,17,Boulder,0,The First Harmful Event was Not a Collision with a Motor Vehicle in Transport,0,No,1,Non-Junction,1,Not an Intersection,4,On Roadside,0,None,3,Dark - Lighted,1,Clear,0,No,0000000,Not Applicable,22,10:00pm-10:59pm,21,21,22,10:00pm-10:59pm,27,27,88,Not Applicable (Not Transported),88,Not Applicable (Not Transported),1
17,Illinois,170394,1,1,1,1,0,1,1,111,MCHENRY (111),1440,CARY,5,May,16,16,2,Monday,2022,15,3:00pm-3:59pm,39,39,CHERRY AR,HILL ST,6,Local Street - Municipality,2,Urban,7,Local,4,City or Municipal Highway Agency,0,This section IS NOT on the NHS,0,No Special Jurisdiction,99998,Not Reported,42.20686944,42.20686944,-88.23526667,-88.23526667,8,Pedestrian,0,The First Harmful Event was Not a Collision with a Motor Vehicle in Transport,0,No,2,Intersection,3,T-Intersection,1,On Roadway,0,None,1,Daylight,1,Clear,1,Yes,0000000,Not Applicable,15,3:00pm-3:59pm,39,39,15,3:00pm-3:59pm,44,44,88,Not Applicable (Not Transported),88,Not Applicable (Not Transported),1
17,Illinois,170395,0,0,2,2,0,2,2,179,TAZEWELL (179),0,NOT APPLICABLE,5,May,22,22,1,Sunday,2022,12,12:00pm-12:59pm,24,24,SR-9,CR-11,3,State Highway,2,Urban,4,Minor Arterial,1,State Highway Agency,0,This section IS NOT on the NHS,0,No Special Jurisdiction,99998,Not Reported,40.53150556,40.53150556,-89.60670278,-89.60670278,12,Motor Vehicle In-Transport,6,Angle,0,No,2,Intersection,3,T-Intersection,1,On Roadway,0,None,1,Daylight,1,Clear,0,No,0000000,Not Applicable,12,12:00pm-12:59pm,27,27,12,12:00pm-12:59pm,31,31,99,Unknown,99,Unknown EMS Hospital Arrival Time,1
17,Illinois,170396,0,0,2,2,0,2,2,197,WILL (197),4300,JOLIET,5,May,22,22,1,Sunday,2022,21,9:00pm-9:59pm,34,34,ESSINGTON RD,NA,6,Local Street - Municipality,2,Urban,4,Minor Arterial,4,City or Municipal Highway Agency,0,This section IS NOT on the NHS,0,No Special Jurisdiction,99998,Not Reported,41.53968611,41.53968611,-88.16074722,-88.16074722,12,Motor Vehicle In-Transport,6,Angle,0,No,4,Driveway Access,1,Not an Intersection,1,On Roadway,0,None,3,Dark - Lighted,1,Clear,0,No,0000000,Not Applicable,99,Unknown,99,Unknown,99,Unknown EMS Scene Arrival Hour,99,Unknown EMS Scene Arrival Minutes,99,Unknown,99,Unknown EMS Hospital Arrival Time,1
17,Illinois,170397,0,0,2,2,0,3,3,179,TAZEWELL (179),0,NOT APPLICABLE,5,May,21,21,7,Saturday,2022,19,7:00pm-7:59pm,54,54,US-24,CR-6,2,US Highway,1,Rural,3,Principal Arterial - Other,1,State Highway Agency,1,This section IS ON the NHS,0,No Special Jurisdiction,1457,1457,40.72625278,40.72625278,-89.34914167,-89.34914167,12,Motor Vehicle In-Transport,6,Angle,0,No,2,Intersection,2,Four-Way Intersection,1,On Roadway,0,None,1,Daylight,1,Clear,0,No,0000000,Not Applicable,99,Unknown,99,Unknown,99,Unknown EMS Scene Arrival Hour,99,Unknown EMS Scene Arrival Minutes,99,Unknown,99,Unknown EMS Hospital Arrival Time,1
17,Illinois,170398,0,0,2,2,0,2,2,31,COOK (31),5380,MATTESON,5,May,23,23,2,Monday,2022,20,8:00pm-8:59pm,57,57,US-30,I-57 SB,2,US Highway,2,Urban,3,Principal Arterial - Other,1,State Highway Agency,1,This section IS ON the NHS,0,No Special Jurisdiction,22,22,41.50610556,41.50610556,-87.744875,-87.744875,12,Motor Vehicle In-Transport,6,Angle,0,No,2,Intersection,2,Four-Way Intersection,1,On Roadway,0,None,3,Dark - Lighted,1,Clear,0,No,0000000,Not Applicable,20,8:00pm-8:59pm,57,57,21,9:00pm-9:59pm,3,3,99,Unknown,99,Unknown EMS Hospital Arrival Time,1
17,Illinois,170399,0,0,2,2,0,2,2,31,COOK (31),8090,SOUTH CHICAGO HEIGHTS,5,May,12,12,5,Thursday,2022,15,3:00pm-3:59pm,39,39,SR-1,NA,3,State Highway,2,Urban,3,Principal Arterial - Other,1,State Highway Agency,1,This section IS ON the NHS,0,No Special Jurisdiction,86,86,41.47882222,41.47882222,-87.63741389,-87.63741389,12,Motor Vehicle In-Transport,6,Angle,0,No,4,Driveway Access,1,Not an Intersection,1,On Roadway,0,None,1,Daylight,1,Clear,0,No,0000000,Not Applicable,15,3:00pm-3:59pm,39,39,15,3:00pm-3:59pm,41,41,88,Not Applicable (Not Transported),88,Not Applicable (Not Transported),1
17,Illinois,170400,0,0,2,2,0,2,2,31,COOK (31),6730,PARK FOREST,5,May,17,17,3,Tuesday,2022,7,7:00am-7:59am,46,46,WESTERN AVE,NA,8,Other,2,Urban,4,Minor Arterial,1,State Highway Agency,0,This section IS NOT on the NHS,0,No Special Jurisdiction,64,64,41.48421389,41.48421389,-87.67422222,-87.67422222,12,Motor Vehicle In-Transport,6,Angle,0,No,4,Driveway Access,1,Not an Intersection,1,On Roadway,0,None,1,Daylight,1,Clear,0,No,0000000,Not Applicable,99,Unknown,99,Unknown,99,Unknown EMS Scene Arrival Hour,99,Unknown EMS Scene Arrival Minutes,99,Unknown,99,Unknown EMS Hospital Arrival Time,1
17,Illinois,170401,0,0,1,1,0,1,1,73,HENRY (73),0,NOT APPLICABLE,5,May,24,24,3,Tuesday,2022,22,10:00pm-10:59pm,19,19,I-80,NA,1,Interstate,2,Urban,1,Interstate,1,State Highway Agency,1,This section IS ON the NHS,0,No Special Jurisdiction,23,23,41.47801667,41.47801667,-90.33858056,-90.33858056,34,Ditch,0,The First Harmful Event was Not a Collision with a Motor Vehicle in Transport,0,No,1,Non-Junction,1,Not an Intersection,3,On Median,0,None,6,Dark - Unknown Lighting,1,Clear,0,No,0000000,Not Applicable,22,10:00pm-10:59pm,19,19,22,10:00pm-10:59pm,19,19,88,Not Applicable (Not Transported),88,Not Applicable (Not Transported),1
17,Illinois,170402,0,0,2,2,0,3,3,113,MCLEAN (113),0,NOT APPLICABLE,5,May,18,18,4,Wednesday,2022,18,6:00pm-6:59pm,17,17,SR-9,CR-21,3,State Highway,1,Rural,4,Minor Arterial,1,State Highway Agency,0,This section IS NOT on the NHS,0,No Special Jurisdiction,1481,1481,40.48667222,40.48667222,-88.764625,-88.764625,12,Motor Vehicle In-Transport,6,Angle,0,No,2,Intersection,2,Four-Way Intersection,1,On Roadway,0,None,1,Daylight,1,Clear,0,No,0000000,Not Applicable,18,6:00pm-6:59pm,22,22,18,6:00pm-6:59pm,41,41,88,Not Applicable (Not Transported),88,Not Applicable (Not Transported),1
17,Illinois,170403,0,0,3,3,0,4,4,97,LAKE (97),0,NOT APPLICABLE,5,May,26,26,5,Thursday,2022,8,8:00am-8:59am,47,47,SR-120,NA,3,State Highway,2,Urban,3,Principal Arterial - Other,1,State Highway Agency,1,This section IS ON the NHS,0,No Special Jurisdiction,13,13,42.32437222,42.32437222,-88.17366667,-88.17366667,12,Motor Vehicle In-Transport,8,Sideswipe - Opposite Direction,0,No,1,Non-Junction,1,Not an Intersection,1,On Roadway,0,None,1,Daylight,1,Clear,0,No,0000000,Not Applicable,8,8:00am-8:59am,47,47,8,8:00am-8:59am,51,51,99,Unknown,99,Unknown EMS Hospital Arrival Time,1
17,Illinois,170404,1,1,1,1,0,2,2,43,DUPAGE (43),540,BARTLETT,5,May,13,13,6,Friday,2022,23,11:00pm-11:59pm,36,36,SR-59,NA,3,State Highway,2,Urban,3,Principal Arterial - Other,1,State Highway Agency,1,This section IS ON the NHS,0,No Special Jurisdiction,333,333,41.98069722,41.98069722,-88.20711111,-88.20711111,8,Pedestrian,0,The First Harmful Event was Not a Collision with a Motor Vehicle in Transport,0,No,1,Non-Junction,1,Not an Intersection,1,On Roadway,0,None,6,Dark - Unknown Lighting,1,Clear,0,No,0000000,Not Applicable,11,11:00am-11:59am,38,38,11,11:00am-11:59am,40,40,99,Unknown,99,Unknown EMS Hospital Arrival Time,1
17,Illinois,170405,0,0,9,9,0,11,11,31,COOK (31),0,NOT APPLICABLE,5,May,24,24,3,Tuesday,2022,5,5:00am-5:59am,55,55,I-294,NA,1,Interstate,2,Urban,1,Interstate,31,State Toll Road,1,This section IS ON the NHS,0,No Special Jurisdiction,59,59,42.07668611,42.07668611,-87.86662222,-87.86662222,12,Motor Vehicle In-Transport,1,Front-to-Rear,0,No,1,Non-Junction,1,Not an Intersection,1,On Roadway,0,None,4,Dawn,1,Clear,0,No,0000000,Not Applicable,6,6:00am-6:59am,1,1,6,6:00am-6:59am,8,8,99,Unknown,99,Unknown EMS Hospital Arrival Time,1
17,Illinois,170406,0,0,1,1,0,6,6,57,FULTON (57),0,NOT APPLICABLE,5,May,29,29,1,Sunday,2022,21,9:00pm-9:59pm,28,28,E CYPRESS RD,NA,5,Local Street - Township,1,Rural,7,Local,3,Town or Township Highway Agency,0,This section IS NOT on the NHS,0,No Special Jurisdiction,49,49,40.59696111,40.59696111,-89.94048056,-89.94048056,98,"Harmful Event, Details Not Reported",0,The First Harmful Event was Not a Collision with a Motor Vehicle in Transport,0,No,1,Non-Junction,1,Not an Intersection,5,Outside Trafficway,0,None,2,Dark - Not Lighted,1,Clear,0,No,0000000,Not Applicable,21,9:00pm-9:59pm,28,28,21,9:00pm-9:59pm,42,42,88,Not Applicable (Not Transported),88,Not Applicable (Not Transported),1
17,Illinois,170407,1,1,1,1,0,1,1,19,CHAMPAIGN (19),8770,URBANA,5,May,25,25,4,Wednesday,2022,20,8:00pm-8:59pm,53,53,US-45,NA,2,US Highway,2,Urban,3,Principal Arterial - Other,1,State Highway Agency,1,This section IS ON the NHS,0,No Special Jurisdiction,2482,2482,40.11771389,40.11771389,-88.20425,-88.20425,8,Pedestrian,0,The First Harmful Event was Not a Collision with a Motor Vehicle in Transport,0,No,1,Non-Junction,1,Not an Intersection,1,On Roadway,0,None,3,Dark - Lighted,1,Clear,0,No,0000000,Not Applicable,99,Unknown,99,Unknown,99,Unknown EMS Scene Arrival Hour,99,Unknown EMS Scene Arrival Minutes,99,Unknown,99,Unknown EMS Hospital Arrival Time,1
17,Illinois,170408,1,1,1,1,0,1,1,163,ST. CLAIR (163),1240,CAHOKIA,5,May,14,14,7,Saturday,2022,6,6:00am-6:59am,37,37,WATER ST,NA,8,Other,2,Urban,5,Major Collector,1,State Highway Agency,0,This section IS NOT on the NHS,0,No Special Jurisdiction,99998,Not Reported,38.55352778,38.55352778,-90.20091667,-90.20091667,8,Pedestrian,0,The First Harmful Event was Not a Collision with a Motor Vehicle in Transport,0,No,1,Non-Junction,1,Not an Intersection,1,On Roadway,0,None,4,Dawn,1,Clear,0,No,0000000,Not Applicable,99,Unknown,99,Unknown,99,Unknown EMS Scene Arrival Hour,99,Unknown EMS Scene Arrival Minutes,88,Not Applicable (Not Transported),88,Not Applicable (Not Transported),1
17,Illinois,170409,1,1,1,1,0,1,1,31,COOK (31),1670,CHICAGO,5,May,27,27,6,Friday,2022,20,8:00pm-8:59pm,28,28,COLUMBUS AVE,NA,8,Other,2,Urban,4,Minor Arterial,1,State Highway Agency,0,This section IS NOT on the NHS,0,No Special Jurisdiction,99998,Not Reported,41.75261944,41.75261944,-87.69766111,-87.69766111,8,Pedestrian,0,The First Harmful Event was Not a Collision with a Motor Vehicle in Transport,0,No,1,Non-Junction,1,Not an Intersection,1,On Roadway,0,None,3,Dark - Lighted,1,Clear,0,No,0000000,Not Applicable,99,Unknown,99,Unknown,20,8:00pm-8:59pm,32,32,99,Unknown,99,Unknown EMS Hospital Arrival Time,1
17,Illinois,170410,0,0,1,1,0,1,1,143,PEORIA (143),6850,PEORIA,5,May,28,28,7,Saturday,2022,21,9:00pm-9:59pm,14,14,SAYMORE,NA,6,Local Street - Municipality,2,Urban,7,Local,4,City or Municipal Highway Agency,0,This section IS NOT on the NHS,0,No Special Jurisdiction,99998,Not Reported,40.73579167,40.73579167,-89.64173056,-89.64173056,1,Rollover/Overturn,0,The First Harmful Event was Not a Collision with a Motor Vehicle in Transport,0,No,1,Non-Junction,1,Not an Intersection,1,On Roadway,0,None,3,Dark - Lighted,1,Clear,0,No,0000000,Not Applicable,99,Unknown,99,Unknown,99,Unknown EMS Scene Arrival Hour,99,Unknown EMS Scene Arrival Minutes,99,Unknown,99,Unknown EMS Hospital Arrival Time,1
17,Illinois,170411,0,0,1,1,0,1,1,31,COOK (31),1670,CHICAGO,5,May,29,29,1,Sunday,2022,0,0:00am-0:59am,53,53,103RD ST,NA,6,Local Street - Municipality,2,Urban,4,Minor Arterial,4,City or Municipal Highway Agency,0,This section IS NOT on the NHS,0,No Special Jurisdiction,99998,Not Reported,41.70685556,41.70685556,-87.65081944,-87.65081944,19,Building,0,The First Harmful Event was Not a Collision with a Motor Vehicle in Transport,0,No,1,Non-Junction,1,Not an Intersection,4,On Roadside,0,None,3,Dark - Lighted,1,Clear,0,No,0000000,Not Applicable,99,Unknown,99,Unknown,0,0:00am-0:59am,57,57,88,Not Applicable (Not Transported),88,Not Applicable (Not Transported),1
17,Illinois,170412,0,0,1,1,0,1,1,167,SANGAMON (167),0,NOT APPLICABLE,5,May,21,21,7,Saturday,2022,99,Unknown Hours,99,Unknown Minutes,BOYD FARM RD,NA,5,Local Street - Township,1,Rural,7,Local,3,Town or Township Highway Agency,0,This section IS NOT on the NHS,0,No Special Jurisdiction,99998,Not Reported,39.6839,39.6839,-89.43961944,-89.43961944,34,Ditch,0,The First Harmful Event was Not a Collision with a Motor Vehicle in Transport,0,No,1,Non-Junction,1,Not an Intersection,4,On Roadside,0,None,6,Dark - Unknown Lighting,1,Clear,0,No,0000000,Not Applicable,99,Unknown,99,Unknown,99,Unknown EMS Scene Arrival Hour,99,Unknown EMS Scene Arrival Minutes,88,Not Applicable (Not Transported),88,Not Applicable (Not Transported),1
17,Illinois,170413,1,1,1,1,0,1,1,117,MACOUPIN (117),1360,CARLINVILLE,5,May,21,21,7,Saturday,2022,7,7:00am-7:59am,11,11,SUMNER ST,NA,6,Local Street - Municipality,2,Urban,7,Local,4,City or Municipal Highway Agency,0,This section IS NOT on the NHS,0,No Special Jurisdiction,99998,Not Reported,39.29251111,39.29251111,-89.87624167,-89.87624167,8,Pedestrian,0,The First Harmful Event was Not a Collision with a Motor Vehicle in Transport,0,No,1,Non-Junction,1,Not an Intersection,1,On Roadway,0,None,9,Reported as Unknown,99,Reported as Unknown,0,No,0000000,Not Applicable,99,Unknown,99,Unknown,99,Unknown EMS Scene Arrival Hour,99,Unknown EMS Scene Arrival Minutes,88,Not Applicable (Not Transported),88,Not Applicable (Not Transported),1
17,Illinois,170414,0,0,2,1,1,1,1,167,SANGAMON (167),8220,SPRINGFIELD,5,May,27,27,6,Friday,2022,13,1:00pm-1:59pm,2,2,S 6TH ST,APPLE ORCHARD RD,6,Local Street - Municipality,2,Urban,5,Major Collector,4,City or Municipal Highway Agency,0,This section IS NOT on the NHS,0,No Special Jurisdiction,19,19,39.76136389,39.76136389,-89.64830556,-89.64830556,46,Traffic Signal Support,0,The First Harmful Event was Not a Collision with a Motor Vehicle in Transport,0,No,3,Intersection-Related,2,Four-Way Intersection,4,On Roadside,0,None,1,Daylight,1,Clear,0,No,0000000,Not Applicable,13,1:00pm-1:59pm,6,6,13,1:00pm-1:59pm,11,11,99,Unknown,99,Unknown EMS Hospital Arrival Time,1
17,Illinois,170415,0,0,1,1,0,1,1,97,LAKE (97),3580,GRAYSLAKE,5,May,23,23,2,Monday,2022,6,6:00am-6:59am,58,58,CR-V60,NA,4,County Road,2,Urban,7,Local,4,City or Municipal Highway Agency,0,This section IS NOT on the NHS,0,No Special Jurisdiction,99998,Not Reported,42.34278611,42.34278611,-88.06802778,-88.06802778,10,Railway Vehicle,0,The First Harmful Event was Not a Collision with a Motor Vehicle in Transport,0,No,6,Railway Grade Crossing,1,Not an Intersection,1,On Roadway,0,None,1,Daylight,1,Clear,0,No,386439N,386439N,7,7:00am-7:59am,15,15,99,Unknown EMS Scene Arrival Hour,99,Unknown EMS Scene Arrival Minutes,88,Not Applicable (Not Transported),88,Not Applicable (Not Transported),1
17,Illinois,170416,1,1,1,1,0,1,1,119,MADISON (119),2510,EAST ALTON,5,May,25,25,4,Wednesday,2022,15,3:00pm-3:59pm,13,13,AIRLINE DR,NA,5,Local Street - Township,2,Urban,4,Minor Arterial,3,Town or Township Highway Agency,0,This section IS NOT on the NHS,0,No Special Jurisdiction,99998,Not Reported,38.88774167,38.88774167,-90.06544722,-90.06544722,8,Pedestrian,0,The First Harmful Event was Not a Collision with a Motor Vehicle in Transport,0,No,1,Non-Junction,1,Not an Intersection,1,On Roadway,0,None,1,Daylight,1,Clear,0,No,0000000,Not Applicable,99,Unknown,99,Unknown,15,3:00pm-3:59pm,20,20,88,Not Applicable (Not Transported),88,Not Applicable (Not Transported),1
17,Illinois,170417,0,0,1,1,0,2,2,135,MONTGOMERY (135),0,NOT APPLICABLE,5,May,29,29,1,Sunday,2022,17,5:00pm-5:59pm,5,5,20TH RD,CR-6,5,Local Street - Township,1,Rural,6,Minor Collector,3,Town or Township Highway Agency,0,This section IS NOT on the NHS,0,No Special Jurisdiction,99998,Not Reported,39.21713333,39.21713333,-89.32678611,-89.32678611,1,Rollover/Overturn,0,The First Harmful Event was Not a Collision with a Motor Vehicle in Transport,0,No,3,Intersection-Related,3,T-Intersection,4,On Roadside,0,None,1,Daylight,1,Clear,0,No,0000000,Not Applicable,17,5:00pm-5:59pm,5,5,17,5:00pm-5:59pm,15,15,99,Unknown,99,Unknown EMS Hospital Arrival Time,1
17,Illinois,170418,0,0,1,1,0,1,1,167,SANGAMON (167),8220,SPRINGFIELD,5,May,30,30,2,Monday,2022,7,7:00am-7:59am,17,17,W FAIRVIEW LN,NA,5,Local Street - Township,1,Rural,7,Local,3,Town or Township Highway Agency,0,This section IS NOT on the NHS,0,No Special Jurisdiction,8,8,39.7063,39.7063,-89.64855833,-89.64855833,53,Mail Box,0,The First Harmful Event was Not a Collision with a Motor Vehicle in Transport,0,No,1,Non-Junction,1,Not an Intersection,4,On Roadside,0,None,2,Dark - Not Lighted,1,Clear,0,No,0000000,Not Applicable,7,7:00am-7:59am,14,14,7,7:00am-7:59am,17,17,99,Unknown,99,Unknown EMS Hospital Arrival Time,1
17,Illinois,170419,0,0,2,2,0,2,2,1,ADAMS (1),7180,QUINCY,5,May,30,30,2,Monday,2022,8,8:00am-8:59am,27,27,12TH,LOCUST,6,Local Street - Municipality,2,Urban,4,Minor Arterial,4,City or Municipal Highway Agency,0,This section IS NOT on the NHS,0,No Special Jurisdiction,99998,Not Reported,39.95045556,39.95045556,-91.39656111,-91.39656111,12,Motor Vehicle In-Transport,6,Angle,0,No,2,Intersection,2,Four-Way Intersection,1,On Roadway,0,None,1,Daylight,1,Clear,0,No,0000000,Not Applicable,99,Unknown,99,Unknown,99,Unknown EMS Scene Arrival Hour,99,Unknown EMS Scene Arrival Minutes,99,Unknown,99,Unknown EMS Hospital Arrival Time,1
17,Illinois,170420,0,0,2,2,0,2,2,31,COOK (31),1670,CHICAGO,5,May,12,12,5,Thursday,2022,20,8:00pm-8:59pm,31,31,FOREST PRESERVE RD,ORIOLE ST,6,Local Street - Municipality,2,Urban,5,Major Collector,1,State Highway Agency,0,This section IS NOT on the NHS,0,No Special Jurisdiction,17,17,41.94917778,41.94917778,-87.81693333,-87.81693333,12,Motor Vehicle In-Transport,8,Sideswipe - Opposite Direction,0,No,2,Intersection,2,Four-Way Intersection,1,On Roadway,0,None,2,Dark - Not Lighted,1,Clear,0,No,0000000,Not Applicable,20,8:00pm-8:59pm,31,31,20,8:00pm-8:59pm,40,40,99,Unknown,99,Unknown EMS Hospital Arrival Time,1
17,Illinois,170421,0,0,2,2,0,2,2,43,DUPAGE (43),740,BENSENVILLE,5,May,10,10,3,Tuesday,2022,10,10:00am-10:59am,53,53,CR-26,THOMAS DR,4,County Road,2,Urban,3,Principal Arterial - Other,3,Town or Township Highway Agency,1,This section IS ON the NHS,0,No Special Jurisdiction,99998,Not Reported,41.97943333,41.97943333,-87.94532778,-87.94532778,12,Motor Vehicle In-Transport,6,Angle,0,No,3,Intersection-Related,2,Four-Way Intersection,1,On Roadway,0,None,1,Daylight,1,Clear,0,No,0000000,Not Applicable,99,Unknown,99,Unknown,99,Unknown EMS Scene Arrival Hour,99,Unknown EMS Scene Arrival Minutes,99,Unknown,99,Unknown EMS Hospital Arrival Time,1
17,Illinois,170422,0,0,2,2,0,4,4,33,CRAWFORD (33),0,NOT APPLICABLE,5,May,27,27,6,Friday,2022,15,3:00pm-3:59pm,41,41,CR-22,NA,4,County Road,1,Rural,6,Minor Collector,3,Town or Township Highway Agency,0,This section IS NOT on the NHS,0,No Special Jurisdiction,99998,Not Reported,39.09386667,39.09386667,-87.94373333,-87.94373333,12,Motor Vehicle In-Transport,6,Angle,0,No,4,Driveway Access,1,Not an Intersection,1,On Roadway,0,None,1,Daylight,2,Rain,0,No,0000000,Not Applicable,15,3:00pm-3:59pm,45,45,16,4:00pm-4:59pm,2,2,99,Unknown,99,Unknown EMS Hospital Arrival Time,2
17,Illinois,170423,0,0,2,2,0,5,5,117,MACOUPIN (117),0,NOT APPLICABLE,5,May,31,31,3,Tuesday,2022,16,4:00pm-4:59pm,23,23,SR-16,COUNTY LINE RD,3,State Highway,1,Rural,3,Principal Arterial - Other,1,State Highway Agency,1,This section IS ON the NHS,0,No Special Jurisdiction,546,546,39.17546111,39.17546111,-89.70033611,-89.70033611,12,Motor Vehicle In-Transport,1,Front-to-Rear,0,No,3,Intersection-Related,2,Four-Way Intersection,1,On Roadway,0,None,1,Daylight,1,Clear,0,No,0000000,Not Applicable,16,4:00pm-4:59pm,25,25,16,4:00pm-4:59pm,30,30,99,Unknown,99,Unknown EMS Hospital Arrival Time,1
17,Illinois,170424,0,0,2,2,0,3,3,91,KANKAKEE (91),0,NOT APPLICABLE,5,May,29,29,1,Sunday,2022,20,8:00pm-8:59pm,42,42,SR-50,10000N RD,3,State Highway,2,Urban,4,Minor Arterial,1,State Highway Agency,0,This section IS NOT on the NHS,0,No Special Jurisdiction,121,121,41.26526111,41.26526111,-87.82568889,-87.82568889,12,Motor Vehicle In-Transport,6,Angle,0,No,2,Intersection,2,Four-Way Intersection,1,On Roadway,0,None,6,Dark - Unknown Lighting,1,Clear,0,No,0000000,Not Applicable,20,8:00pm-8:59pm,42,42,20,8:00pm-8:59pm,50,50,99,Unknown,99,Unknown EMS Hospital Arrival Time,1
17,Illinois,170425,0,0,2,2,0,2,2,113,MCLEAN (113),0,NOT APPLICABLE,5,May,31,31,3,Tuesday,2022,8,8:00am-8:59am,44,44,US-51,NA,2,US Highway,1,Rural,2,Principal Arterial - Other Freeways and Expressways,1,State Highway Agency,1,This section IS ON the NHS,0,No Special Jurisdiction,2538,2538,40.33991944,40.33991944,-88.98918056,-88.98918056,12,Motor Vehicle In-Transport,1,Front-to-Rear,0,No,1,Non-Junction,1,Not an Intersection,1,On Roadway,0,None,1,Daylight,1,Clear,0,No,0000000,Not Applicable,8,8:00am-8:59am,44,44,8,8:00am-8:59am,46,46,88,Not Applicable (Not Transported),88,Not Applicable (Not Transported),1
17,Illinois,170426,0,0,2,2,0,4,4,121,MARION (121),0,NOT APPLICABLE,6,June,4,4,7,Saturday,2022,23,11:00pm-11:59pm,13,13,SELMAVILLE RD,NA,5,Local Street - Township,2,Urban,5,Major Collector,1,State Highway Agency,0,This section IS NOT on the NHS,0,No Special Jurisdiction,27,27,38.57931667,38.57931667,-88.99986667,-88.99986667,12,Motor Vehicle In-Transport,2,Front-to-Front,0,No,1,Non-Junction,1,Not an Intersection,1,On Roadway,0,None,2,Dark - Not Lighted,1,Clear,0,No,0000000,Not Applicable,99,Unknown,99,Unknown,99,Unknown EMS Scene Arrival Hour,99,Unknown EMS Scene Arrival Minutes,99,Unknown,99,Unknown EMS Hospital Arrival Time,1