STATE,STATENAME,ST_CASE,PEDS,PERNOTMVIT,VE_TOTAL,VE_FORMS,PVH_INVL,PERSONS,PERMVIT,COUNTY,COUNTYNAME,CITY,CITYNAME,MONTH,MONTHNAME,DAY,DAYNAME,DAY_WEEK,DAY_WEEKNAME,YEAR,HOUR,HOURNAME,MINUTE,MINUTENAME,TWAY_ID,TWAY_ID2,ROUTE,ROUTENAME,RUR_URB,RUR_URBNAME,FUNC_SYS,FUNC_SYSNAME,RD_OWNER,RD_OWNERNAME,NHS,NHSNAME,SP_JUR,SP_JURNAME,MILEPT,MILEPTNAME,LATITUDE,LATITUDENAME,LONGITUD,LONGITUDNAME,HARM_EV,HARM_EVNAME,MAN_COLL,MAN_COLLNAME,RELJCT1,RELJCT1NAME,RELJCT2,RELJCT2NAME,TYP_INT,TYP_INTNAME,REL_ROAD,REL_ROADNAME,WRK_ZONE,WRK_ZONENAME,LGT_COND,LGT_CONDNAME,WEATHER,WEATHERNAME,SCH_BUS,SCH_BUSNAME,RAIL,RAILNAME,NOT_HOUR,NOT_HOURNAME,NOT_MIN,NOT_MINNAME,ARR_HOUR,ARR_HOURNAME,ARR_MIN,ARR_MINNAME,HOSP_HR,HOSP_HRNAME,HOSP_MN,HOSP_MNNAME,FATALS
17,Illinois,170464,0,0,4,4,0,4,4,97,LAKE (97),0,NOT APPLICABLE,6,June,11,11,7,Saturday,2022,20,8:00pm-8:59pm,0,0,SR-173,NA,3,State Highway,2,Urban,3,Principal Arterial - Other,1,State Highway Agency,1,This section IS ON the NHS,0,No Special Jurisdiction,9,9,42.479125,42.479125,-88.18016667,-88.18016667,12,Motor Vehicle In-Transport,7,Sideswipe - Same Direction,0,No,1,Non-Junction,1,Not an Intersection,1,On Roadway,0,None,1,Daylight,1,Clear,0,No,0000000,Not Applicable,20,8:00pm-8:59pm,0,0,20,8:00pm-8:59pm,5,5,99,Unknown,99,Unknown EMS Hospital Arrival Time,1
17,Illinois,170465,1,1,1,1,0,1,1,111,MCHENRY (111),5060,MCHENRY,6,June,4,4,7,Saturday,2022,10,10:00am-10:59am,27,27,SR-120,NA,3,State Highway,2,Urban,3,Principal Arterial - Other,1,State Highway Agency,1,This section IS ON the NHS,0,No Special Jurisdiction,128,128,42.34689444,42.34689444,-88.28249444,-88.28249444,9,Pedalcyclist,0,The First Harmful Event was Not a Collision with a Motor Vehicle in Transport,0,No,1,Non-Junction,1,Not an Intersection,1,On Roadway,0,None,1,Daylight,1,Clear,0,No,0000000,Not Applicable,10,10:00am-10:59am,27,27,10,10:00am-10:59am,29,29,88,Not Applicable (Not Transported),88,Not Applicable (Not Transported),1
17,Illinois,170466,0,0,1,1,0,1,1,197,WILL (197),4300,JOLIET,6,June,15,15,4,Wednesday,2022,23,11:00pm-11:59pm,8,8,MCDONALD AVE,NA,6,Local Street - Municipality,2,Urban,7,Local,4,City or Municipal Highway Agency,0,This section IS NOT on the NHS,0,No Special Jurisdiction,99998,Not Reported,41.51850278,41.51850278,-88.18591667,-88.18591667,42,Tree (Standing Only),0,The First Harmful Event was Not a Collision with a Motor Vehicle in Transport,0,No,1,Non-Junction,1,Not an Intersection,4,On Roadside,0,None,3,Dark - Lighted,1,Clear,0,No,0000000,Not Applicable,23,11:00pm-11:59pm,9,9,23,11:00pm-11:59pm,13,13,99,Unknown,99,Unknown EMS Hospital Arrival Time,1
17,Illinois,170467,1,1,1,1,0,1,1,169,SCHUYLER (169),0,NOT APPLICABLE,6,June,19,19,1,Sunday,2022,9,9:00am-9:59am,56,56,ADAMS ROAD,NA,5,Local Street - Township,1,Rural,5,Major Collector,1,State Highway Agency,0,This section IS NOT on the NHS,0,No Special Jurisdiction,81,81,40.08301111,40.08301111,-90.43711389,-90.43711389,9,Pedalcyclist,0,The First Harmful Event was Not a Collision with a Motor Vehicle in Transport,0,No,1,Non-Junction,1,Not an Intersection,1,On Roadway,0,None,1,Daylight,1,Clear,0,No,0000000,Not Applicable,9,9:00am-9:59am,56,56,10,10:00am-10:59am,5,5,88,Not Applicable (Not Transported),88,Not Applicable (Not Transported),1
17,Illinois,170468,0,0,1,1,0,1,1,31,COOK (31),1670,CHICAGO,6,June,6,6,2,Monday,2022,23,11:00pm-11:59pm,20,20,I-94,NA,1,Interstate,2,Urban,1,Interstate,1,State Highway Agency,1,This section IS ON the NHS,0,No Special Jurisdiction,687,687,41.6596,41.6596,-87.58857778,-87.58857778,30,Utility Pole/Light Support,0,The First Harmful Event was Not a Collision with a Motor Vehicle in Transport,0,No,1,Non-Junction,1,Not an Intersection,4,On Roadside,0,None,3,Dark - Lighted,2,Rain,0,No,0000000,Not Applicable,23,11:00pm-11:59pm,23,23,23,11:00pm-11:59pm,33,33,88,Not Applicable (Not Transported),88,Not Applicable (Not Transported),1
17,Illinois,170469,0,0,1,1,0,1,1,11,BUREAU (11),8230,SPRING VALLEY,6,June,15,15,4,Wednesday,2022,8,8:00am-8:59am,58,58,LADD RD,NA,8,Other,2,Urban,3,Principal Arterial - Other,1,State Highway Agency,1,This section IS ON the NHS,0,No Special Jurisdiction,156,156,41.33349167,41.33349167,-89.21806389,-89.21806389,42,Tree (Standing Only),0,The First Harmful Event was Not a Collision with a Motor Vehicle in Transport,0,No,1,Non-Junction,1,Not an Intersection,4,On Roadside,0,None,6,Dark - Unknown Lighting,1,Clear,0,No,0000000,Not Applicable,99,Unknown,99,Unknown,99,Unknown EMS Scene Arrival Hour,99,Unknown EMS Scene Arrival Minutes,99,Unknown,99,Unknown EMS Hospital Arrival Time,1
17,Illinois,170470,1,1,1,1,0,1,1,31,COOK (31),1995,COUNTRYSIDE,6,June,17,17,6,Friday,2022,21,9:00pm-9:59pm,12,12,JOLIET RD,NA,8,Other,2,Urban,4,Minor Arterial,1,State Highway Agency,0,This section IS NOT on the NHS,0,No Special Jurisdiction,99998,Not Reported,41.76825278,41.76825278,-87.89154444,-87.89154444,8,Pedestrian,0,The First Harmful Event was Not a Collision with a Motor Vehicle in Transport,0,No,1,Non-Junction,1,Not an Intersection,1,On Roadway,0,None,3,Dark - Lighted,1,Clear,0,No,0000000,Not Applicable,21,9:00pm-9:59pm,15,15,21,9:00pm-9:59pm,20,20,99,Unknown,99,Unknown EMS Hospital Arrival Time,1
17,Illinois,170471,0,0,1,1,0,1,1,31,COOK (31),1670,CHICAGO,6,June,18,18,7,Saturday,2022,22,10:00pm-10:59pm,50,50,87TH ST,NA,6,Local Street - Municipality,2,Urban,3,Principal Arterial - Other,4,City or Municipal Highway Agency,1,This section IS ON the NHS,0,No Special Jurisdiction,99998,Not Reported,41.73590556,41.73590556,-87.63383889,-87.63383889,21,Bridge Pier or Support,0,The First Harmful Event was Not a Collision with a Motor Vehicle in Transport,0,No,1,Non-Junction,1,Not an Intersection,4,On Roadside,0,None,3,Dark - Lighted,1,Clear,0,No,0000000,Not Applicable,23,11:00pm-11:59pm,55,55,0,0:00am-0:59am,5,5,88,Not Applicable (Not Transported),88,Not Applicable (Not Transported),1
17,Illinois,170472,0,0,2,2,0,6,6,99,LASALLE (99),0,NOT APPLICABLE,6,June,20,20,2,Monday,2022,15,3:00pm-3:59pm,28,28,US-34,E 125TH RD,2,US Highway,1,Rural,4,Minor Arterial,1,State Highway Agency,0,This section IS NOT on the NHS,0,No Special Jurisdiction,145,145,41.57822222,41.57822222,-88.92243056,-88.92243056,12,Motor Vehicle In-Transport,6,Angle,0,No,2,Intersection,2,Four-Way Intersection,1,On Roadway,0,None,1,Daylight,1,Clear,0,No,0000000,Not Applicable,15,3:00pm-3:59pm,28,28,15,3:00pm-3:59pm,43,43,99,Unknown,99,Unknown EMS Hospital Arrival Time,1
17,Illinois,170473,1,1,1,1,0,1,1,31,COOK (31),1207,BURR RIDGE,6,June,17,17,6,Friday,2022,16,4:00pm-4:59pm,34,34,WOLF ROAD,79TH ST,5,Local Street - Township,2,Urban,5,Major Collector,3,Town or Township Highway Agency,0,This section IS NOT on the NHS,0,No Special Jurisdiction,99998,Not Reported,41.74620556,41.74620556,-87.89606389,-87.89606389,9,Pedalcyclist,0,The First Harmful Event was Not a Collision with a Motor Vehicle in Transport,0,No,3,Intersection-Related,2,Four-Way Intersection,2,On Shoulder,0,None,1,Daylight,1,Clear,0,No,0000000,Not Applicable,16,4:00pm-4:59pm,34,34,16,4:00pm-4:59pm,38,38,88,Not Applicable (Not Transported),88,Not Applicable (Not Transported),1
17,Illinois,170474,0,0,1,1,0,1,1,91,KANKAKEE (91),0,NOT APPLICABLE,6,June,14,14,3,Tuesday,2022,11,11:00am-11:59am,37,37,SR-1,NA,3,State Highway,1,Rural,3,Principal Arterial - Other,1,State Highway Agency,1,This section IS ON the NHS,0,No Special Jurisdiction,185,185,41.09703889,41.09703889,-87.72406111,-87.72406111,34,Ditch,0,The First Harmful Event was Not a Collision with a Motor Vehicle in Transport,0,No,1,Non-Junction,1,Not an Intersection,4,On Roadside,0,None,1,Daylight,1,Clear,0,No,0000000,Not Applicable,11,11:00am-11:59am,37,37,11,11:00am-11:59am,45,45,88,Not Applicable (Not Transported),88,Not Applicable (Not Transported),1
17,Illinois,170475,0,0,1,1,0,2,2,83,JERSEY (83),0,NOT APPLICABLE,6,June,17,17,6,Friday,2022,21,9:00pm-9:59pm,19,19,SR-16,NA,3,State Highway,2,Urban,4,Minor Arterial,1,State Highway Agency,0,This section IS NOT on the NHS,0,No Special Jurisdiction,52,52,39.11252222,39.11252222,-90.47049722,-90.47049722,11,Live Animal,0,The First Harmful Event was Not a Collision with a Motor Vehicle in Transport,0,No,1,Non-Junction,1,Not an Intersection,1,On Roadway,0,None,6,Dark - Unknown Lighting,1,Clear,0,No,0000000,Not Applicable,21,9:00pm-9:59pm,20,20,21,9:00pm-9:59pm,33,33,88,Not Applicable (Not Transported),88,Not Applicable (Not Transported),2
17,Illinois,170476,0,0,1,1,0,2,2,197,WILL (197),0,NOT APPLICABLE,6,June,21,21,3,Tuesday,2022,3,3:00am-3:59am,56,56,CR-62,NA,4,County Road,2,Urban,5,Major Collector,3,Town or Township Highway Agency,0,This section IS NOT on the NHS,0,No Special Jurisdiction,99998,Not Reported,41.55730278,41.55730278,-88.04419167,-88.04419167,1,Rollover/Overturn,0,The First Harmful Event was Not a Collision with a Motor Vehicle in Transport,0,No,1,Non-Junction,1,Not an Intersection,4,On Roadside,0,None,6,Dark - Unknown Lighting,1,Clear,0,No,0000000,Not Applicable,99,Unknown,99,Unknown,99,Unknown EMS Scene Arrival Hour,99,Unknown EMS Scene Arrival Minutes,99,Unknown,99,Unknown EMS Hospital Arrival Time,1
17,Illinois,170477,0,0,3,3,0,7,7,197,WILL (197),0,NOT APPLICABLE,6,June,21,21,3,Tuesday,2022,17,5:00pm-5:59pm,25,25,W 143RD ST,NA,5,Local Street - Township,2,Urban,4,Minor Arterial,2,County Highway Agency,0,This section IS NOT on the NHS,0,No Special Jurisdiction,23,23,41.628075,41.628075,-87.9785,-87.9785,12,Motor Vehicle In-Transport,6,Angle,0,No,1,Non-Junction,1,Not an Intersection,1,On Roadway,0,None,1,Daylight,1,Clear,0,No,0000000,Not Applicable,99,Unknown,99,Unknown,99,Unknown EMS Scene Arrival Hour,99,Unknown EMS Scene Arrival Minutes,99,Unknown,99,Unknown EMS Hospital Arrival Time,2
17,Illinois,170478,0,0,1,1,0,1,1,189,WASHINGTON (189),0,NOT APPLICABLE,6,June,17,17,6,Friday,2022,9,9:00am-9:59am,14,14,TOWER RD,NA,5,Local Street - Township,1,Rural,7,Local,3,Town or Township Highway Agency,0,This section IS NOT on the NHS,0,No Special Jurisdiction,13,13,38.42035833,38.42035833,-89.19141944,-89.19141944,21,Bridge Pier or Support,0,The First Harmful Event was Not a Collision with a Motor Vehicle in Transport,0,No,1,Non-Junction,1,Not an Intersection,4,On Roadside,0,None,1,Daylight,10,Cloudy,0,No,0000000,Not Applicable,9,9:00am-9:59am,15,15,9,9:00am-9:59am,33,33,88,Not Applicable (Not Transported),88,Not Applicable (Not Transported),1
17,Illinois,170479,0,0,1,1,0,1,1,167,SANGAMON (167),0,NOT APPLICABLE,6,June,19,19,1,Sunday,2022,6,6:00am-6:59am,23,23,CR-10,NA,4,County Road,1,Rural,5,Major Collector,3,Town or Township Highway Agency,0,This section IS NOT on the NHS,0,No Special Jurisdiction,229,229,39.66063333,39.66063333,-89.9274,-89.9274,42,Tree (Standing Only),0,The First Harmful Event was Not a Collision with a Motor Vehicle in Transport,0,No,1,Non-Junction,1,Not an Intersection,4,On Roadside,0,None,4,Dawn,1,Clear,0,No,0000000,Not Applicable,7,7:00am-7:59am,35,35,7,7:00am-7:59am,42,42,88,Not Applicable (Not Transported),88,Not Applicable (Not Transported),1
17,Illinois,170480,0,0,2,2,0,2,2,31,COOK (31),6410,OAK PARK,6,June,13,13,2,Monday,2022,8,8:00am-8:59am,50,50,I-290,NA,1,Interstate,2,Urban,1,Interstate,1,State Highway Agency,1,This section IS ON the NHS,0,No Special Jurisdiction,216,216,41.87372778,41.87372778,-87.80405833,-87.80405833,12,Motor Vehicle In-Transport,1,Front-to-Rear,0,No,1,Non-Junction,1,Not an Intersection,1,On Roadway,0,None,1,Daylight,1,Clear,0,No,0000000,Not Applicable,8,8:00am-8:59am,53,53,9,9:00am-9:59am,5,5,88,Not Applicable (Not Transported),88,Not Applicable (Not Transported),1
17,Illinois,170481,1,1,2,1,1,1,1,31,COOK (31),1670,CHICAGO,6,June,16,16,5,Thursday,2022,9,9:00am-9:59am,58,58,16TH ST,NA,6,Local Street - Municipality,2,Urban,5,Major Collector,4,City or Municipal Highway Agency,0,This section IS NOT on the NHS,0,No Special Jurisdiction,99998,Not Reported,41.85904167,41.85904167,-87.70976389,-87.70976389,8,Pedestrian,0,The First Harmful Event was Not a Collision with a Motor Vehicle in Transport,0,No,1,Non-Junction,1,Not an Intersection,1,On Roadway,0,None,1,Daylight,1,Clear,0,No,0000000,Not Applicable,10,10:00am-10:59am,0,0,10,10:00am-10:59am,5,5,99,Unknown,99,Unknown EMS Hospital Arrival Time,1
17,Illinois,170482,0,0,3,3,0,4,4,197,WILL (197),7491,ROMEOVILLE,6,June,10,10,6,Friday,2022,12,12:00pm-12:59pm,26,26,SR-53,NA,3,State Highway,2,Urban,3,Principal Arterial - Other,1,State Highway Agency,0,This section IS NOT on the NHS,0,No Special Jurisdiction,56,56,41.60893611,41.60893611,-88.0752,-88.0752,12,Motor Vehicle In-Transport,7,Sideswipe - Same Direction,0,No,1,Non-Junction,1,Not an Intersection,1,On Roadway,0,None,1,Daylight,1,Clear,0,No,0000000,Not Applicable,99,Unknown,99,Unknown,99,Unknown EMS Scene Arrival Hour,99,Unknown EMS Scene Arrival Minutes,88,Not Applicable (Not Transported),88,Not Applicable (Not Transported),2
17,Illinois,170483,0,0,3,3,0,4,4,197,WILL (197),4910,LOCKPORT,6,June,15,15,4,Wednesday,2022,9,9:00am-9:59am,42,42,GAYLORD RD,NA,6,Local Street - Municipality,2,Urban,5,Major Collector,4,City or Municipal Highway Agency,0,This section IS NOT on the NHS,0,No Special Jurisdiction,99998,Not Reported,41.57883333,41.57883333,-88.14285,-88.14285,12,Motor Vehicle In-Transport,6,Angle,0,No,1,Non-Junction,1,Not an Intersection,1,On Roadway,0,None,1,Daylight,1,Clear,0,No,0000000,Not Applicable,9,9:00am-9:59am,44,44,9,9:00am-9:59am,49,49,99,Unknown,99,Unknown EMS Hospital Arrival Time,1
17,Illinois,170484,0,0,3,3,0,7,7,31,COOK (31),7502,ROSEMONT,6,June,14,14,3,Tuesday,2022,23,11:00pm-11:59pm,5,5,RIVER RD,BALMORAL,6,Local Street - Municipality,2,Urban,4,Minor Arterial,4,City or Municipal Highway Agency,0,This section IS NOT on the NHS,0,No Special Jurisdiction,99998,Not Reported,41.97694722,41.97694722,-87.86272222,-87.86272222,12,Motor Vehicle In-Transport,6,Angle,0,No,2,Intersection,3,T-Intersection,1,On Roadway,0,None,3,Dark - Lighted,1,Clear,0,No,0000000,Not Applicable,23,11:00pm-11:59pm,6,6,23,11:00pm-11:59pm,6,6,99,Unknown,99,Unknown EMS Hospital Arrival Time,1
17,Illinois,170485,0,0,2,2,0,2,2,89,KANE (89),0,NOT APPLICABLE,6,June,15,15,4,Wednesday,2022,13,1:00pm-1:59pm,55,55,SR-31,NA,3,State Highway,2,Urban,4,Minor Arterial,1,State Highway Agency,0,This section IS NOT on the NHS,0,No Special Jurisdiction,197,197,41.90157778,41.90157778,-88.30626667,-88.30626667,12,Motor Vehicle In-Transport,2,Front-to-Front,0,No,1,Non-Junction,1,Not an Intersection,1,On Roadway,0,None,1,Daylight,1,Clear,0,No,0000000,Not Applicable,13,1:00pm-1:59pm,57,57,13,1:00pm-1:59pm,59,59,99,Unknown,99,Unknown EMS Hospital Arrival Time,1
17,Illinois,170486,0,0,2,2,0,3,3,111,MCHENRY (111),0,NOT APPLICABLE,6,June,12,12,1,Sunday,2022,99,Unknown Hours,99,Unknown Minutes,CR-A44,MAPLE ST,4,County Road,2,Urban,6,Minor Collector,3,Town or Township Highway Agency,0,This section IS NOT on the NHS,0,No Special Jurisdiction,99998,Not Reported,42.21468333,42.21468333,-88.59869167,-88.59869167,12,Motor Vehicle In-Transport,6,Angle,0,No,2,Intersection,2,Four-Way Intersection,1,On Roadway,0,None,1,Daylight,1,Clear,0,No,0000000,Not Applicable,99,Unknown,99,Unknown,99,Unknown EMS Scene Arrival Hour,99,Unknown EMS Scene Arrival Minutes,99,Unknown,99,Unknown EMS Hospital Arrival Time,1
17,Illinois,170487,0,0,2,2,0,2,2,19,CHAMPAIGN (19),5130,MAHOMET,6,June,16,16,5,Thursday,2022,99,Unknown Hours,99,Unknown Minutes,LOMBARD STREET,EASTWOOD DRIVE,6,Local Street - Municipality,2,Urban,6,Minor Collector,4,City or Municipal Highway Agency,0,This section IS NOT on the NHS,0,No Special Jurisdiction,0,None,40.19621111,40.19621111,-88.39878611,-88.39878611,12,Motor Vehicle In-Transport,6,Angle,1,Yes,2,Intersection,3,T-Intersection,1,On Roadway,0,None,1,Daylight,1,Clear,0,No,0000000,Not Applicable,19,7:00pm-7:59pm,17,17,19,7:00pm-7:59pm,17,17,99,Unknown,99,Unknown EMS Hospital Arrival Time,1
17,Illinois,170488,0,0,2,2,0,2,2,75,IROQUOIS (75),0,NOT APPLICABLE,6,June,14,14,3,Tuesday,2022,18,6:00pm-6:59pm,55,55,CR-1300E,CR-400N,4,County Road,1,Rural,7,Local,3,Town or Township Highway Agency,0,This section IS NOT on the NHS,0,No Special Jurisdiction,99998,Not Reported,40.54388333,40.54388333,-87.88061111,-87.88061111,12,Motor Vehicle In-Transport,6,Angle,0,No,2,Intersection,2,Four-Way Intersection,1,On Roadway,0,None,1,Daylight,1,Clear,0,No,0000000,Not Applicable,18,6:00pm-6:59pm,55,55,19,7:00pm-7:59pm,2,2,99,Unknown,99,Unknown EMS Hospital Arrival Time,1
17,Illinois,170489,0,0,2,2,0,2,2,49,EFFINGHAM (49),0,NOT APPLICABLE,6,June,17,17,6,Friday,2022,9,9:00am-9:59am,14,14,US-45,NA,2,US Highway,2,Urban,4,Minor Arterial,1,State Highway Agency,0,This section IS NOT on the NHS,0,No Special Jurisdiction,6,6,39.15476389,39.15476389,-88.52937222,-88.52937222,12,Motor Vehicle In-Transport,6,Angle,0,No,1,Non-Junction,1,Not an Intersection,1,On Roadway,0,None,1,Daylight,2,Rain,0,No,0000000,Not Applicable,9,9:00am-9:59am,14,14,9,9:00am-9:59am,23,23,99,Unknown,99,Unknown EMS Hospital Arrival Time,1
17,Illinois,170490,0,0,1,1,0,1,1,89,KANE (89),0,NOT APPLICABLE,6,June,12,12,1,Sunday,2022,18,6:00pm-6:59pm,51,51,SR-31,NA,3,State Highway,2,Urban,4,Minor Arterial,1,State Highway Agency,0,This section IS NOT on the NHS,0,No Special Jurisdiction,135,135,41.97396944,41.97396944,-88.30636111,-88.30636111,42,Tree (Standing Only),0,The First Harmful Event was Not a Collision with a Motor Vehicle in Transport,0,No,1,Non-Junction,1,Not an Intersection,4,On Roadside,0,None,1,Daylight,1,Clear,0,No,0000000,Not Applicable,18,6:00pm-6:59pm,54,54,18,6:00pm-6:59pm,56,56,88,Not Applicable (Not Transported),88,Not Applicable (Not Transported),1
17,Illinois,170491,0,0,1,1,0,2,2,31,COOK (31),1670,CHICAGO,6,June,18,18,7,Saturday,2022,3,3:00am-3:59am,20,20,I-290,NA,1,Interstate,2,Urban,1,Interstate,1,State Highway Agency,1,This section IS ON the NHS,0,No Special Jurisdiction,237,237,41.87150556,41.87150556,-87.76263056,-87.76263056,24,Guardrail Face,0,The First Harmful Event was Not a Collision with a Motor Vehicle in Transport,0,No,1,Non-Junction,1,Not an Intersection,4,On Roadside,0,None,3,Dark - Lighted,1,Clear,0,No,0000000,Not Applicable,3,3:00am-3:59am,20,20,3,3:00am-3:59am,25,25,88,Not Applicable (Not Transported),88,Not Applicable (Not Transported),2
17,Illinois,170492,0,0,1,1,0,3,3,117,MACOUPIN (117),0,NOT APPLICABLE,6,June,21,21,3,Tuesday,2022,23,11:00pm-11:59pm,6,6,CHESTERFIELD RD,NA,5,Local Street - Township,1,Rural,7,Local,3,Town or Township Highway Agency,0,This section IS NOT on the NHS,0,No Special Jurisdiction,99998,Not Reported,39.2229,39.2229,-90.06405556,-90.06405556,1,Rollover/Overturn,0,The First Harmful Event was Not a Collision with a Motor Vehicle in Transport,0,No,1,Non-Junction,1,Not an Intersection,4,On Roadside,0,None,6,Dark - Unknown Lighting,1,Clear,0,No,0000000,Not Applicable,23,11:00pm-11:59pm,6,6,23,11:00pm-11:59pm,15,15,99,Unknown,99,Unknown EMS Hospital Arrival Time,1
17,Illinois,170493,1,1,1,1,0,1,1,31,COOK (31),1670,CHICAGO,6,June,2,2,5,Thursday,2022,17,5:00pm-5:59pm,59,59,EASTWOOD AVE,NA,6,Local Street - Municipality,2,Urban,7,Local,4,City or Municipal Highway Agency,0,This section IS NOT on the NHS,0,No Special Jurisdiction,99998,Not Reported,41.96594167,41.96594167,-87.68439167,-87.68439167,15,Non-Motorist on Personal Conveyance,0,The First Harmful Event was Not a Collision with a Motor Vehicle in Transport,0,No,1,Non-Junction,1,Not an Intersection,1,On Roadway,0,None,1,Daylight,1,Clear,0,No,0000000,Not Applicable,17,5:00pm-5:59pm,45,45,17,5:00pm-5:59pm,55,55,99,Unknown,99,Unknown EMS Hospital Arrival Time,1
17,Illinois,170494,1,1,1,1,0,1,1,163,ST. CLAIR (163),1240,CAHOKIA,6,June,25,25,7,Saturday,2022,5,5:00am-5:59am,29,29,SR-157,NA,3,State Highway,2,Urban,3,Principal Arterial - Other,1,State Highway Agency,1,This section IS ON the NHS,0,No Special Jurisdiction,26,26,38.54972222,38.54972222,-90.15254722,-90.15254722,8,Pedestrian,0,The First Harmful Event was Not a Collision with a Motor Vehicle in Transport,0,No,1,Non-Junction,1,Not an Intersection,1,On Roadway,0,None,4,Dawn,1,Clear,0,No,0000000,Not Applicable,5,5:00am-5:59am,29,29,5,5:00am-5:59am,29,29,88,Not Applicable (Not Transported),88,Not Applicable (Not Transported),1
17,Illinois,170495,1,1,1,1,0,1,1,31,COOK (31),5790,MORTON GROVE,6,June,25,25,7,Saturday,2022,20,8:00pm-8:59pm,47,47,OAKTON ST,LONG AVE,8,Other,2,Urban,4,Minor Arterial,1,State Highway Agency,0,This section IS NOT on the NHS,0,No Special Jurisdiction,99998,Not Reported,42.02638333,42.02638333,-87.76212222,-87.76212222,8,Pedestrian,0,The First Harmful Event was Not a Collision with a Motor Vehicle in Transport,0,No,3,Intersection-Related,2,Four-Way Intersection,1,On Roadway,0,None,3,Dark - Lighted,1,Clear,0,No,0000000,Not Applicable,8,8:00am-8:59am,48,48,8,8:00am-8:59am,50,50,99,Unknown,99,Unknown EMS Hospital Arrival Time,1
17,Illinois,170496,0,0,1,1,0,1,1,115,MACON (115),0,NOT APPLICABLE,6,June,5,5,1,Sunday,2022,20,8:00pm-8:59pm,11,11,SR-121,NA,3,State Highway,1,Rural,3,Principal Arterial - Other,1,State Highway Agency,1,This section IS ON the NHS,0,No Special Jurisdiction,23,23,39.94728333,39.94728333,-89.10484167,-89.10484167,34,Ditch,0,The First Harmful Event was Not a Collision with a Motor Vehicle in Transport,0,No,1,Non-Junction,1,Not an Intersection,4,On Roadside,0,None,5,Dusk,1,Clear,0,No,0000000,Not Applicable,20,8:00pm-8:59pm,8,8,20,8:00pm-8:59pm,22,22,99,Unknown,99,Unknown EMS Hospital Arrival Time,1
17,Illinois,170497,1,1,1,1,0,1,1,31,COOK (31),0,NOT APPLICABLE,6,June,16,16,5,Thursday,2022,9,9:00am-9:59am,59,59,SR-59,SHOE FACTORY RD,3,State Highway,2,Urban,3,Principal Arterial - Other,1,State Highway Agency,1,This section IS ON the NHS,0,No Special Jurisdiction,37,37,42.06082778,42.06082778,-88.19343056,-88.19343056,9,Pedalcyclist,0,The First Harmful Event was Not a Collision with a Motor Vehicle in Transport,0,No,3,Intersection-Related,2,Four-Way Intersection,1,On Roadway,0,None,1,Daylight,1,Clear,0,No,0000000,Not Applicable,9,9:00am-9:59am,59,59,10,10:00am-10:59am,6,6,88,Not Applicable (Not Transported),88,Not Applicable (Not Transported),1
17,Illinois,170498,0,0,1,1,0,1,1,43,DUPAGE (43),0,NOT APPLICABLE,6,June,12,12,1,Sunday,2022,22,10:00pm-10:59pm,54,54,I-88,NA,1,Interstate,2,Urban,1,Interstate,1,State Highway Agency,1,This section IS ON the NHS,0,No Special Jurisdiction,1293,1293,41.80619444,41.80619444,-88.084275,-88.084275,25,Concrete Traffic Barrier,0,The First Harmful Event was Not a Collision with a Motor Vehicle in Transport,0,No,1,Non-Junction,1,Not an Intersection,3,On Median,0,None,3,Dark - Lighted,1,Clear,0,No,0000000,Not Applicable,22,10:00pm-10:59pm,54,54,23,11:00pm-11:59pm,2,2,99,Unknown,99,Unknown EMS Hospital Arrival Time,1
17,Illinois,170499,0,0,1,1,0,2,2,119,MADISON (119),0,NOT APPLICABLE,6,June,19,19,1,Sunday,2022,8,8:00am-8:59am,36,36,I-255,NA,1,Interstate,2,Urban,2,Principal Arterial - Other Freeways and Expressways,1,State Highway Agency,1,This section IS ON the NHS,0,No Special Jurisdiction,107,107,38.90622222,38.90622222,-90.06431111,-90.06431111,24,Guardrail Face,0,The First Harmful Event was Not a Collision with a Motor Vehicle in Transport,0,No,1,Non-Junction,1,Not an Intersection,4,On Roadside,0,None,1,Daylight,1,Clear,0,No,0000000,Not Applicable,8,8:00am-8:59am,36,36,8,8:00am-8:59am,39,39,99,Unknown,99,Unknown EMS Hospital Arrival Time,1
17,Illinois,170500,0,0,2,1,1,1,1,91,KANKAKEE (91),5200,MANTENO,6,June,26,26,1,Sunday,2022,22,10:00pm-10:59pm,19,19,N HICKORY STREET,NA,6,Local Street - Municipality,2,Urban,7,Local,4,City or Municipal Highway Agency,0,This section IS NOT on the NHS,0,No Special Jurisdiction,0,None,41.25141389,41.25141389,-87.83738611,-87.83738611,14,Parked Motor Vehicle,0,The First Harmful Event was Not a Collision with a Motor Vehicle in Transport,0,No,1,Non-Junction,1,Not an Intersection,6,Off Roadway-Location Unknown,4,"Work Zone, Type Unknown",6,Dark - Unknown Lighting,1,Clear,0,No,0000000,Not Applicable,99,Unknown,99,Unknown,99,Unknown EMS Scene Arrival Hour,99,Unknown EMS Scene Arrival Minutes,99,Unknown,99,Unknown EMS Hospital Arrival Time,1