STATE,STATENAME,ST_CASE,PEDS,PERNOTMVIT,VE_TOTAL,VE_FORMS,PVH_INVL,PERSONS,PERMVIT,COUNTY,COUNTYNAME,CITY,CITYNAME,MONTH,MONTHNAME,DAY,DAYNAME,DAY_WEEK,DAY_WEEKNAME,YEAR,HOUR,HOURNAME,MINUTE,MINUTENAME,TWAY_ID,TWAY_ID2,ROUTE,ROUTENAME,RUR_URB,RUR_URBNAME,FUNC_SYS,FUNC_SYSNAME,RD_OWNER,RD_OWNERNAME,NHS,NHSNAME,SP_JUR,SP_JURNAME,MILEPT,MILEPTNAME,LATITUDE,LATITUDENAME,LONGITUD,LONGITUDNAME,HARM_EV,HARM_EVNAME,MAN_COLL,MAN_COLLNAME,RELJCT1,RELJCT1NAME,RELJCT2,RELJCT2NAME,TYP_INT,TYP_INTNAME,REL_ROAD,REL_ROADNAME,WRK_ZONE,WRK_ZONENAME,LGT_COND,LGT_CONDNAME,WEATHER,WEATHERNAME,SCH_BUS,SCH_BUSNAME,RAIL,RAILNAME,NOT_HOUR,NOT_HOURNAME,NOT_MIN,NOT_MINNAME,ARR_HOUR,ARR_HOURNAME,ARR_MIN,ARR_MINNAME,HOSP_HR,HOSP_HRNAME,HOSP_MN,HOSP_MNNAME,FATALS
17,Illinois,170614,0,0,2,2,0,2,2,31,COOK (31),0,NOT APPLICABLE,7,July,20,20,4,Wednesday,2022,20,8:00pm-8:59pm,15,15,SR-53,NA,3,State Highway,2,Urban,2,Principal Arterial - Other Freeways and Expressways,1,State Highway Agency,1,This section IS ON the NHS,0,No Special Jurisdiction,736,736,42.10929722,42.10929722,-88.00350556,-88.00350556,12,Motor Vehicle In-Transport,7,Sideswipe - Same Direction,0,No,1,Non-Junction,1,Not an Intersection,1,On Roadway,0,None,5,Dusk,1,Clear,0,No,0000000,Not Applicable,20,8:00pm-8:59pm,15,15,20,8:00pm-8:59pm,20,20,88,Not Applicable (Not Transported),88,Not Applicable (Not Transported),1
17,Illinois,170615,0,0,1,1,0,1,1,59,GALLATIN (59),0,NOT APPLICABLE,7,July,21,21,5,Thursday,2022,14,2:00pm-2:59pm,45,45,CR-16,NA,4,County Road,1,Rural,5,Major Collector,3,Town or Township Highway Agency,0,This section IS NOT on the NHS,0,No Special Jurisdiction,99998,Not Reported,37.80901944,37.80901944,-88.192125,-88.192125,34,Ditch,0,The First Harmful Event was Not a Collision with a Motor Vehicle in Transport,0,No,1,Non-Junction,1,Not an Intersection,4,On Roadside,0,None,1,Daylight,1,Clear,0,No,0000000,Not Applicable,14,2:00pm-2:59pm,50,50,15,3:00pm-3:59pm,0,0,88,Not Applicable (Not Transported),88,Not Applicable (Not Transported),1
17,Illinois,170617,0,0,1,1,0,1,1,197,WILL (197),4300,JOLIET,7,July,29,29,6,Friday,2022,12,12:00pm-12:59pm,4,4,LOUISE RAY PARKWAY,NA,6,Local Street - Municipality,2,Urban,5,Major Collector,4,City or Municipal Highway Agency,0,This section IS NOT on the NHS,0,No Special Jurisdiction,99998,Not Reported,41.55291944,41.55291944,-88.07067778,-88.07067778,33,Curb,0,The First Harmful Event was Not a Collision with a Motor Vehicle in Transport,0,No,1,Non-Junction,1,Not an Intersection,4,On Roadside,0,None,1,Daylight,1,Clear,0,No,0000000,Not Applicable,99,Unknown,99,Unknown,99,Unknown EMS Scene Arrival Hour,99,Unknown EMS Scene Arrival Minutes,88,Not Applicable (Not Transported),88,Not Applicable (Not Transported),1
17,Illinois,170618,0,0,2,2,0,2,2,31,COOK (31),1670,CHICAGO,7,July,29,29,6,Friday,2022,21,9:00pm-9:59pm,0,0,103RD ST,NA,6,Local Street - Municipality,2,Urban,4,Minor Arterial,4,City or Municipal Highway Agency,0,This section IS NOT on the NHS,0,No Special Jurisdiction,99998,Not Reported,41.70701944,41.70701944,-87.63633889,-87.63633889,12,Motor Vehicle In-Transport,6,Angle,0,No,1,Non-Junction,1,Not an Intersection,1,On Roadway,0,None,3,Dark - Lighted,1,Clear,0,No,0000000,Not Applicable,21,9:00pm-9:59pm,4,4,21,9:00pm-9:59pm,8,8,99,Unknown,99,Unknown EMS Hospital Arrival Time,1
17,Illinois,170619,0,0,2,2,0,4,4,99,LASALLE (99),0,NOT APPLICABLE,6,June,29,29,4,Wednesday,2022,15,3:00pm-3:59pm,40,40,CR-N 42ND ROAD,E 14TH ROAD,4,County Road,1,Rural,6,Minor Collector,3,Town or Township Highway Agency,0,This section IS NOT on the NHS,0,No Special Jurisdiction,0,None,41.54230278,41.54230278,-88.89412778,-88.89412778,12,Motor Vehicle In-Transport,6,Angle,1,Yes,3,Intersection-Related,2,Four-Way Intersection,4,On Roadside,0,None,1,Daylight,1,Clear,0,No,0000000,Not Applicable,12,12:00pm-12:59pm,45,45,13,1:00pm-1:59pm,0,0,99,Unknown,99,Unknown EMS Hospital Arrival Time,1
17,Illinois,170620,0,0,1,1,0,1,1,13,CALHOUN (13),0,NOT APPLICABLE,7,July,30,30,7,Saturday,2022,16,4:00pm-4:59pm,10,10,SR-100,NA,3,State Highway,1,Rural,4,Minor Arterial,1,State Highway Agency,0,This section IS NOT on the NHS,0,No Special Jurisdiction,207,207,39.23815278,39.23815278,-90.62199722,-90.62199722,7,Other Non-Collision,0,The First Harmful Event was Not a Collision with a Motor Vehicle in Transport,0,No,1,Non-Junction,1,Not an Intersection,1,On Roadway,0,None,1,Daylight,1,Clear,0,No,0000000,Not Applicable,16,4:00pm-4:59pm,10,10,16,4:00pm-4:59pm,32,32,88,Not Applicable (Not Transported),88,Not Applicable (Not Transported),1
17,Illinois,170621,1,1,1,1,0,1,1,31,COOK (31),1670,CHICAGO,7,July,30,30,7,Saturday,2022,23,11:00pm-11:59pm,50,50,DIVERSEY AVE,NA,6,Local Street - Municipality,2,Urban,5,Major Collector,4,City or Municipal Highway Agency,0,This section IS NOT on the NHS,0,No Special Jurisdiction,99998,Not Reported,41.93159722,41.93159722,-87.742125,-87.742125,8,Pedestrian,0,The First Harmful Event was Not a Collision with a Motor Vehicle in Transport,0,No,1,Non-Junction,1,Not an Intersection,1,On Roadway,0,None,3,Dark - Lighted,1,Clear,0,No,0000000,Not Applicable,99,Unknown,99,Unknown,0,0:00am-0:59am,0,0,99,Unknown,99,Unknown EMS Hospital Arrival Time,1
17,Illinois,170622,0,0,2,2,0,4,4,31,COOK (31),6740,PARK RIDGE,7,July,31,31,1,Sunday,2022,1,1:00am-1:59am,50,50,GREENWOOD AVE,OAKTON ST,6,Local Street - Municipality,2,Urban,5,Major Collector,4,City or Municipal Highway Agency,0,This section IS NOT on the NHS,0,No Special Jurisdiction,99998,Not Reported,42.02545278,42.02545278,-87.84067778,-87.84067778,12,Motor Vehicle In-Transport,6,Angle,0,No,2,Intersection,4,Y-Intersection,1,On Roadway,0,None,6,Dark - Unknown Lighting,1,Clear,0,No,0000000,Not Applicable,1,1:00am-1:59am,50,50,1,1:00am-1:59am,51,51,99,Unknown,99,Unknown EMS Hospital Arrival Time,1
17,Illinois,170623,0,0,1,1,0,1,1,29,COLES (29),0,NOT APPLICABLE,7,July,23,23,7,Saturday,2022,17,5:00pm-5:59pm,8,8,CR-18,NA,4,County Road,2,Urban,4,Minor Arterial,3,Town or Township Highway Agency,0,This section IS NOT on the NHS,0,No Special Jurisdiction,99998,Not Reported,39.52155278,39.52155278,-88.33210278,-88.33210278,34,Ditch,0,The First Harmful Event was Not a Collision with a Motor Vehicle in Transport,0,No,1,Non-Junction,1,Not an Intersection,4,On Roadside,0,None,1,Daylight,1,Clear,0,No,0000000,Not Applicable,17,5:00pm-5:59pm,8,8,17,5:00pm-5:59pm,11,11,99,Unknown,99,Unknown EMS Hospital Arrival Time,1
17,Illinois,170624,0,0,2,2,0,4,4,31,COOK (31),2390,DOLTON,7,July,23,23,7,Saturday,2022,17,5:00pm-5:59pm,59,59,COTTAGE GROVE,NA,6,Local Street - Municipality,2,Urban,6,Minor Collector,4,City or Municipal Highway Agency,0,This section IS NOT on the NHS,0,No Special Jurisdiction,2,2,41.64263889,41.64263889,-87.59782778,-87.59782778,12,Motor Vehicle In-Transport,6,Angle,0,No,1,Non-Junction,1,Not an Intersection,1,On Roadway,0,None,1,Daylight,1,Clear,0,No,0000000,Not Applicable,17,5:00pm-5:59pm,59,59,17,5:00pm-5:59pm,59,59,99,Unknown,99,Unknown EMS Hospital Arrival Time,1
17,Illinois,170625,0,0,2,2,0,2,2,107,LOGAN (107),0,NOT APPLICABLE,7,July,25,25,2,Monday,2022,8,8:00am-8:59am,14,14,CR-6,NA,4,County Road,1,Rural,5,Major Collector,3,Town or Township Highway Agency,0,This section IS NOT on the NHS,0,No Special Jurisdiction,99998,Not Reported,40.076025,40.076025,-89.18263333,-89.18263333,12,Motor Vehicle In-Transport,2,Front-to-Front,0,No,1,Non-Junction,1,Not an Intersection,1,On Roadway,0,None,1,Daylight,1,Clear,0,No,0000000,Not Applicable,8,8:00am-8:59am,14,14,99,Unknown EMS Scene Arrival Hour,99,Unknown EMS Scene Arrival Minutes,99,Unknown,99,Unknown EMS Hospital Arrival Time,1
17,Illinois,170626,0,0,3,3,0,6,6,89,KANE (89),2670,ELBURN,7,July,29,29,6,Friday,2022,15,3:00pm-3:59pm,12,12,SR-38,FIRST ST,3,State Highway,2,Urban,3,Principal Arterial - Other,1,State Highway Agency,1,This section IS ON the NHS,0,No Special Jurisdiction,579,579,41.90318611,41.90318611,-88.46998611,-88.46998611,12,Motor Vehicle In-Transport,6,Angle,0,No,2,Intersection,2,Four-Way Intersection,1,On Roadway,0,None,1,Daylight,1,Clear,0,No,0000000,Not Applicable,15,3:00pm-3:59pm,12,12,15,3:00pm-3:59pm,14,14,99,Unknown,99,Unknown EMS Hospital Arrival Time,1
17,Illinois,170627,0,0,2,2,0,4,4,197,WILL (197),0,NOT APPLICABLE,7,July,31,31,1,Sunday,2022,9,9:00am-9:59am,19,19,88TH AVE,BARR RD,5,Local Street - Township,1,Rural,7,Local,3,Town or Township Highway Agency,0,This section IS NOT on the NHS,0,No Special Jurisdiction,99998,Not Reported,41.33893056,41.33893056,-87.82409444,-87.82409444,12,Motor Vehicle In-Transport,6,Angle,0,No,2,Intersection,3,T-Intersection,1,On Roadway,0,None,1,Daylight,1,Clear,0,No,0000000,Not Applicable,99,Unknown,99,Unknown,99,Unknown EMS Scene Arrival Hour,99,Unknown EMS Scene Arrival Minutes,99,Unknown,99,Unknown EMS Hospital Arrival Time,1
17,Illinois,170628,0,0,1,1,0,1,1,99,LASALLE (99),6480,OGLESBY,6,June,5,5,1,Sunday,2022,1,1:00am-1:59am,0,0,EAST WALNUT STREET,NA,6,Local Street - Municipality,2,Urban,5,Major Collector,4,City or Municipal Highway Agency,0,This section IS NOT on the NHS,0,No Special Jurisdiction,0,None,41.29513333,41.29513333,-89.05768333,-89.05768333,1,Rollover/Overturn,0,The First Harmful Event was Not a Collision with a Motor Vehicle in Transport,0,No,1,Non-Junction,1,Not an Intersection,1,On Roadway,0,None,3,Dark - Lighted,1,Clear,0,No,0000000,Not Applicable,1,1:00am-1:59am,10,10,1,1:00am-1:59am,14,14,99,Unknown,99,Unknown EMS Hospital Arrival Time,1
17,Illinois,170629,0,0,2,2,0,2,2,97,LAKE (97),0,NOT APPLICABLE,7,July,14,14,5,Thursday,2022,13,1:00pm-1:59pm,45,45,I-94,NA,1,Interstate,2,Urban,1,Interstate,31,State Toll Road,1,This section IS ON the NHS,0,No Special Jurisdiction,233,233,42.18241667,42.18241667,-87.876025,-87.876025,12,Motor Vehicle In-Transport,7,Sideswipe - Same Direction,0,No,1,Non-Junction,1,Not an Intersection,1,On Roadway,0,None,1,Daylight,1,Clear,0,No,0000000,Not Applicable,13,1:00pm-1:59pm,48,48,14,2:00pm-2:59pm,3,3,88,Not Applicable (Not Transported),88,Not Applicable (Not Transported),1
17,Illinois,170630,0,0,3,3,0,3,3,199,WILLIAMSON (199),5250,MARION,7,July,8,8,6,Friday,2022,15,3:00pm-3:59pm,37,37,W MAIN ST,NA,6,Local Street - Municipality,2,Urban,4,Minor Arterial,4,City or Municipal Highway Agency,0,This section IS NOT on the NHS,0,No Special Jurisdiction,30,30,37.72994722,37.72994722,-88.96701667,-88.96701667,12,Motor Vehicle In-Transport,8,Sideswipe - Opposite Direction,0,No,1,Non-Junction,1,Not an Intersection,1,On Roadway,0,None,1,Daylight,1,Clear,0,No,0000000,Not Applicable,15,3:00pm-3:59pm,37,37,15,3:00pm-3:59pm,43,43,99,Unknown,99,Unknown EMS Hospital Arrival Time,1
17,Illinois,170631,0,0,2,2,0,3,3,119,MADISON (119),0,NOT APPLICABLE,7,July,6,6,4,Wednesday,2022,1,1:00am-1:59am,10,10,I-270,NA,1,Interstate,2,Urban,1,Interstate,1,State Highway Agency,1,This section IS ON the NHS,0,No Special Jurisdiction,54,54,38.75755556,38.75755556,-90.07400833,-90.07400833,12,Motor Vehicle In-Transport,1,Front-to-Rear,0,No,1,Non-Junction,1,Not an Intersection,1,On Roadway,0,None,2,Dark - Not Lighted,1,Clear,0,No,0000000,Not Applicable,1,1:00am-1:59am,10,10,1,1:00am-1:59am,30,30,99,Unknown,99,Unknown EMS Hospital Arrival Time,1
17,Illinois,170632,0,0,1,1,0,1,1,31,COOK (31),1992,COUNTRY CLUB HILLS,7,July,13,13,4,Wednesday,2022,0,0:00am-0:59am,18,18,I-57,NA,1,Interstate,1,Rural,1,Interstate,1,State Highway Agency,1,This section IS ON the NHS,0,No Special Jurisdiction,99999,Unknown,41.56768056,41.56768056,-87.74269444,-87.74269444,25,Concrete Traffic Barrier,0,The First Harmful Event was Not a Collision with a Motor Vehicle in Transport,0,No,1,Non-Junction,1,Not an Intersection,5,Outside Trafficway,4,"Work Zone, Type Unknown",3,Dark - Lighted,1,Clear,0,No,0000000,Not Applicable,0,0:00am-0:59am,21,21,0,0:00am-0:59am,30,30,99,Unknown,99,Unknown EMS Hospital Arrival Time,1
17,Illinois,170633,0,0,2,2,0,2,2,31,COOK (31),1670,CHICAGO,7,July,29,29,6,Friday,2022,23,11:00pm-11:59pm,59,59,SOUTH STONY ISLAND AVE,EAST 69TH STREET,6,Local Street - Municipality,2,Urban,7,Local,4,City or Municipal Highway Agency,0,This section IS NOT on the NHS,0,No Special Jurisdiction,0,None,41.76969722,41.76969722,-87.58596389,-87.58596389,12,Motor Vehicle In-Transport,6,Angle,0,No,2,Intersection,2,Four-Way Intersection,1,On Roadway,0,None,3,Dark - Lighted,1,Clear,0,No,0000000,Not Applicable,99,Unknown,99,Unknown,99,Unknown EMS Scene Arrival Hour,99,Unknown EMS Scene Arrival Minutes,99,Unknown,99,Unknown EMS Hospital Arrival Time,1
17,Illinois,170634,1,1,2,1,1,1,1,31,COOK (31),0,NOT APPLICABLE,7,July,3,3,1,Sunday,2022,19,7:00pm-7:59pm,2,2,KINNE RD,NA,6,Local Street - Municipality,2,Urban,7,Local,4,City or Municipal Highway Agency,0,This section IS NOT on the NHS,0,No Special Jurisdiction,99998,Not Reported,41.63356944,41.63356944,-87.70477778,-87.70477778,8,Pedestrian,0,The First Harmful Event was Not a Collision with a Motor Vehicle in Transport,0,No,1,Non-Junction,1,Not an Intersection,1,On Roadway,0,None,1,Daylight,1,Clear,0,No,0000000,Not Applicable,19,7:00pm-7:59pm,2,2,19,7:00pm-7:59pm,15,15,99,Unknown,99,Unknown EMS Hospital Arrival Time,1
17,Illinois,170635,1,1,2,2,0,2,2,167,SANGAMON (167),8220,SPRINGFIELD,7,July,20,20,4,Wednesday,2022,21,9:00pm-9:59pm,44,44,CLEAR LAKE AVE,NA,8,Other,2,Urban,3,Principal Arterial - Other,1,State Highway Agency,1,This section IS ON the NHS,0,No Special Jurisdiction,213,213,39.80202222,39.80202222,-89.61688056,-89.61688056,15,Non-Motorist on Personal Conveyance,0,The First Harmful Event was Not a Collision with a Motor Vehicle in Transport,0,No,1,Non-Junction,1,Not an Intersection,1,On Roadway,0,None,3,Dark - Lighted,1,Clear,0,No,0000000,Not Applicable,21,9:00pm-9:59pm,45,45,21,9:00pm-9:59pm,50,50,99,Unknown,99,Unknown EMS Hospital Arrival Time,1
17,Illinois,170636,0,0,1,1,0,1,1,83,JERSEY (83),0,NOT APPLICABLE,7,July,23,23,7,Saturday,2022,23,11:00pm-11:59pm,15,15,SR-100,NA,3,State Highway,1,Rural,4,Minor Arterial,1,State Highway Agency,0,This section IS NOT on the NHS,0,No Special Jurisdiction,229,229,38.95848611,38.95848611,-90.38012778,-90.38012778,24,Guardrail Face,0,The First Harmful Event was Not a Collision with a Motor Vehicle in Transport,0,No,1,Non-Junction,1,Not an Intersection,4,On Roadside,0,None,6,Dark - Unknown Lighting,1,Clear,0,No,0000000,Not Applicable,23,11:00pm-11:59pm,15,15,23,11:00pm-11:59pm,20,20,88,Not Applicable (Not Transported),88,Not Applicable (Not Transported),1
17,Illinois,170637,0,0,1,1,0,2,2,163,ST. CLAIR (163),0,NOT APPLICABLE,7,July,20,20,4,Wednesday,2022,23,11:00pm-11:59pm,55,55,I-64 RAMP,NA,1,Interstate,2,Urban,1,Interstate,1,State Highway Agency,1,This section IS ON the NHS,0,No Special Jurisdiction,99998,Not Reported,38.57148889,38.57148889,-89.87114722,-89.87114722,34,Ditch,0,The First Harmful Event was Not a Collision with a Motor Vehicle in Transport,1,Yes,5,Entrance/Exit Ramp Related,1,Not an Intersection,4,On Roadside,0,None,6,Dark - Unknown Lighting,1,Clear,0,No,0000000,Not Applicable,23,11:00pm-11:59pm,55,55,0,0:00am-0:59am,5,5,99,Unknown,99,Unknown EMS Hospital Arrival Time,1
17,Illinois,170638,0,0,1,1,0,3,3,27,CLINTON (27),0,NOT APPLICABLE,7,July,31,31,1,Sunday,2022,2,2:00am-2:59am,50,50,COVINGTON RD,NA,5,Local Street - Township,1,Rural,6,Minor Collector,3,Town or Township Highway Agency,0,This section IS NOT on the NHS,0,No Special Jurisdiction,99998,Not Reported,38.52466389,38.52466389,-89.44589722,-89.44589722,34,Ditch,0,The First Harmful Event was Not a Collision with a Motor Vehicle in Transport,0,No,1,Non-Junction,1,Not an Intersection,4,On Roadside,0,None,6,Dark - Unknown Lighting,1,Clear,0,No,0000000,Not Applicable,2,2:00am-2:59am,58,58,2,2:00am-2:59am,58,58,99,Unknown,99,Unknown EMS Hospital Arrival Time,1
17,Illinois,170639,0,0,1,1,0,1,1,31,COOK (31),5410,MAYWOOD,7,July,3,3,1,Sunday,2022,4,4:00am-4:59am,15,15,SR-171,NA,3,State Highway,2,Urban,3,Principal Arterial - Other,1,State Highway Agency,1,This section IS ON the NHS,0,No Special Jurisdiction,63,63,41.89343333,41.89343333,-87.83457222,-87.83457222,43,Other Fixed Object,0,The First Harmful Event was Not a Collision with a Motor Vehicle in Transport,0,No,1,Non-Junction,1,Not an Intersection,4,On Roadside,0,None,3,Dark - Lighted,1,Clear,0,No,0000000,Not Applicable,4,4:00am-4:59am,17,17,4,4:00am-4:59am,22,22,99,Unknown,99,Unknown EMS Hospital Arrival Time,1
17,Illinois,170640,0,0,1,1,0,1,1,161,ROCK ISLAND (161),0,NOT APPLICABLE,7,July,3,3,1,Sunday,2022,13,1:00pm-1:59pm,19,19,COLONA/AVENUE OF THE CITIES,NA,8,Other,2,Urban,4,Minor Arterial,1,State Highway Agency,0,This section IS NOT on the NHS,0,No Special Jurisdiction,99998,Not Reported,41.49062222,41.49062222,-90.42694444,-90.42694444,25,Concrete Traffic Barrier,0,The First Harmful Event was Not a Collision with a Motor Vehicle in Transport,1,Yes,5,Entrance/Exit Ramp Related,1,Not an Intersection,10,Separator,0,None,1,Daylight,1,Clear,0,No,0000000,Not Applicable,99,Unknown,99,Unknown,99,Unknown EMS Scene Arrival Hour,99,Unknown EMS Scene Arrival Minutes,99,Unknown,99,Unknown EMS Hospital Arrival Time,1
17,Illinois,170641,1,1,1,1,0,1,1,91,KANKAKEE (91),0,NOT APPLICABLE,7,July,31,31,1,Sunday,2022,23,11:00pm-11:59pm,13,13,SR-17,NA,3,State Highway,1,Rural,3,Principal Arterial - Other,1,State Highway Agency,1,This section IS ON the NHS,0,No Special Jurisdiction,189,189,41.12009444,41.12009444,-87.74701944,-87.74701944,8,Pedestrian,0,The First Harmful Event was Not a Collision with a Motor Vehicle in Transport,0,No,1,Non-Junction,1,Not an Intersection,1,On Roadway,1,Construction,2,Dark - Not Lighted,1,Clear,0,No,0000000,Not Applicable,23,11:00pm-11:59pm,13,13,23,11:00pm-11:59pm,26,26,88,Not Applicable (Not Transported),88,Not Applicable (Not Transported),1
17,Illinois,170642,0,0,2,2,0,2,2,105,LIVINGSTON (105),0,NOT APPLICABLE,7,July,8,8,6,Friday,2022,6,6:00am-6:59am,20,20,CR-32,CR-16,4,County Road,1,Rural,7,Local,3,Town or Township Highway Agency,0,This section IS NOT on the NHS,0,No Special Jurisdiction,99998,Not Reported,40.89981667,40.89981667,-88.87337778,-88.87337778,12,Motor Vehicle In-Transport,6,Angle,0,No,2,Intersection,2,Four-Way Intersection,1,On Roadway,0,None,1,Daylight,2,Rain,0,No,0000000,Not Applicable,99,Unknown,99,Unknown,99,Unknown EMS Scene Arrival Hour,99,Unknown EMS Scene Arrival Minutes,99,Unknown,99,Unknown EMS Hospital Arrival Time,1
17,Illinois,170643,1,1,1,1,0,2,2,31,COOK (31),6380,OAK FOREST,7,July,20,20,4,Wednesday,2022,23,11:00pm-11:59pm,52,52,SR-50,NA,3,State Highway,2,Urban,3,Principal Arterial - Other,1,State Highway Agency,1,This section IS ON the NHS,0,No Special Jurisdiction,329,329,41.61235278,41.61235278,-87.73680833,-87.73680833,8,Pedestrian,0,The First Harmful Event was Not a Collision with a Motor Vehicle in Transport,0,No,1,Non-Junction,1,Not an Intersection,1,On Roadway,0,None,3,Dark - Lighted,1,Clear,0,No,0000000,Not Applicable,99,Unknown,99,Unknown,99,Unknown EMS Scene Arrival Hour,99,Unknown EMS Scene Arrival Minutes,99,Unknown,99,Unknown EMS Hospital Arrival Time,1
17,Illinois,170644,0,0,2,2,0,2,2,31,COOK (31),0,NOT APPLICABLE,7,July,28,28,5,Thursday,2022,14,2:00pm-2:59pm,15,15,I-294,NA,1,Interstate,2,Urban,1,Interstate,31,State Toll Road,1,This section IS ON the NHS,0,No Special Jurisdiction,225,225,41.85809444,41.85809444,-87.91969444,-87.91969444,12,Motor Vehicle In-Transport,1,Front-to-Rear,0,No,1,Non-Junction,1,Not an Intersection,1,On Roadway,1,Construction,1,Daylight,1,Clear,0,No,0000000,Not Applicable,14,2:00pm-2:59pm,17,17,14,2:00pm-2:59pm,31,31,99,Unknown,99,Unknown EMS Hospital Arrival Time,1
17,Illinois,170645,0,0,3,3,0,3,3,197,WILL (197),7977,SHOREWOOD,7,July,9,9,7,Saturday,2022,22,10:00pm-10:59pm,57,57,SR-52,I-55,3,State Highway,2,Urban,3,Principal Arterial - Other,1,State Highway Agency,1,This section IS ON the NHS,0,No Special Jurisdiction,1349,1349,41.52166667,41.52166667,-88.18799167,-88.18799167,12,Motor Vehicle In-Transport,6,Angle,0,No,2,Intersection,2,Four-Way Intersection,1,On Roadway,0,None,3,Dark - Lighted,1,Clear,0,No,0000000,Not Applicable,10,10:00am-10:59am,57,57,99,Unknown EMS Scene Arrival Hour,99,Unknown EMS Scene Arrival Minutes,99,Unknown,99,Unknown EMS Hospital Arrival Time,1
17,Illinois,170646,0,0,2,2,0,8,8,111,MCHENRY (111),0,NOT APPLICABLE,7,July,31,31,1,Sunday,2022,2,2:00am-2:59am,7,7,I-90,NA,1,Interstate,1,Rural,1,Interstate,1,State Highway Agency,1,This section IS ON the NHS,0,No Special Jurisdiction,335,335,42.19380556,42.19380556,-88.66455,-88.66455,12,Motor Vehicle In-Transport,2,Front-to-Front,0,No,1,Non-Junction,1,Not an Intersection,1,On Roadway,0,None,3,Dark - Lighted,1,Clear,0,No,0000000,Not Applicable,2,2:00am-2:59am,17,17,2,2:00am-2:59am,31,31,99,Unknown,99,Unknown EMS Hospital Arrival Time,8
17,Illinois,170647,0,0,1,1,0,3,3,197,WILL (197),0,NOT APPLICABLE,7,July,2,2,7,Saturday,2022,3,3:00am-3:59am,49,49,I-355,NA,1,Interstate,2,Urban,1,Interstate,31,State Toll Road,1,This section IS ON the NHS,0,No Special Jurisdiction,69,69,41.62554167,41.62554167,-88.01083889,-88.01083889,25,Concrete Traffic Barrier,0,The First Harmful Event was Not a Collision with a Motor Vehicle in Transport,0,No,1,Non-Junction,1,Not an Intersection,3,On Median,0,None,3,Dark - Lighted,1,Clear,0,No,0000000,Not Applicable,3,3:00am-3:59am,49,49,99,Unknown EMS Scene Arrival Hour,99,Unknown EMS Scene Arrival Minutes,99,Unknown,99,Unknown EMS Hospital Arrival Time,1
17,Illinois,170648,0,0,2,2,0,5,5,31,COOK (31),980,BRIDGEVIEW,7,July,16,16,7,Saturday,2022,4,4:00am-4:59am,22,22,ROBERTS RD,79TH ST,5,Local Street - Township,2,Urban,4,Minor Arterial,3,Town or Township Highway Agency,0,This section IS NOT on the NHS,0,No Special Jurisdiction,99998,Not Reported,41.74765278,41.74765278,-87.81911944,-87.81911944,12,Motor Vehicle In-Transport,6,Angle,0,No,2,Intersection,2,Four-Way Intersection,1,On Roadway,0,None,3,Dark - Lighted,1,Clear,0,No,0000000,Not Applicable,99,Unknown,99,Unknown,99,Unknown EMS Scene Arrival Hour,99,Unknown EMS Scene Arrival Minutes,99,Unknown,99,Unknown EMS Hospital Arrival Time,2
17,Illinois,170649,0,0,2,2,0,2,2,31,COOK (31),280,ARLINGTON HEIGHTS,7,July,23,23,7,Saturday,2022,2,2:00am-2:59am,0,0,SR-58,ARLINGTON HEIGHTS,3,State Highway,2,Urban,3,Principal Arterial - Other,1,State Highway Agency,1,This section IS ON the NHS,0,No Special Jurisdiction,147,147,42.05145,42.05145,-87.98180278,-87.98180278,12,Motor Vehicle In-Transport,6,Angle,0,No,2,Intersection,2,Four-Way Intersection,1,On Roadway,0,None,3,Dark - Lighted,1,Clear,0,No,0000000,Not Applicable,99,Unknown,99,Unknown,99,Unknown EMS Scene Arrival Hour,99,Unknown EMS Scene Arrival Minutes,99,Unknown,99,Unknown EMS Hospital Arrival Time,1
17,Illinois,170650,1,1,1,1,0,1,1,31,COOK (31),7320,RIVERDALE,7,July,13,13,4,Wednesday,2022,19,7:00pm-7:59pm,32,32,144TH ST,HALSTED ST,6,Local Street - Municipality,2,Urban,5,Major Collector,4,City or Municipal Highway Agency,0,This section IS NOT on the NHS,0,No Special Jurisdiction,221,221,41.63343611,41.63343611,-87.64147222,-87.64147222,8,Pedestrian,0,The First Harmful Event was Not a Collision with a Motor Vehicle in Transport,1,Yes,2,Intersection,3,T-Intersection,1,On Roadway,0,None,1,Daylight,1,Clear,0,No,0000000,Not Applicable,19,7:00pm-7:59pm,32,32,19,7:00pm-7:59pm,36,36,99,Unknown,99,Unknown EMS Hospital Arrival Time,1
17,Illinois,170651,0,0,2,2,0,2,2,97,LAKE (97),9650,ZION,7,July,29,29,6,Friday,2022,0,0:00am-0:59am,30,30,CR-27,CR-50,4,County Road,2,Urban,4,Minor Arterial,3,Town or Township Highway Agency,0,This section IS NOT on the NHS,0,No Special Jurisdiction,99998,Not Reported,42.43552222,42.43552222,-87.85483611,-87.85483611,12,Motor Vehicle In-Transport,6,Angle,0,No,2,Intersection,2,Four-Way Intersection,1,On Roadway,0,None,3,Dark - Lighted,1,Clear,0,No,0000000,Not Applicable,99,Unknown,99,Unknown,99,Unknown EMS Scene Arrival Hour,99,Unknown EMS Scene Arrival Minutes,99,Unknown,99,Unknown EMS Hospital Arrival Time,1