STATE,STATENAME,ST_CASE,PEDS,PERNOTMVIT,VE_TOTAL,VE_FORMS,PVH_INVL,PERSONS,PERMVIT,COUNTY,COUNTYNAME,CITY,CITYNAME,MONTH,MONTHNAME,DAY,DAYNAME,DAY_WEEK,DAY_WEEKNAME,YEAR,HOUR,HOURNAME,MINUTE,MINUTENAME,TWAY_ID,TWAY_ID2,ROUTE,ROUTENAME,RUR_URB,RUR_URBNAME,FUNC_SYS,FUNC_SYSNAME,RD_OWNER,RD_OWNERNAME,NHS,NHSNAME,SP_JUR,SP_JURNAME,MILEPT,MILEPTNAME,LATITUDE,LATITUDENAME,LONGITUD,LONGITUDNAME,HARM_EV,HARM_EVNAME,MAN_COLL,MAN_COLLNAME,RELJCT1,RELJCT1NAME,RELJCT2,RELJCT2NAME,TYP_INT,TYP_INTNAME,REL_ROAD,REL_ROADNAME,WRK_ZONE,WRK_ZONENAME,LGT_COND,LGT_CONDNAME,WEATHER,WEATHERNAME,SCH_BUS,SCH_BUSNAME,RAIL,RAILNAME,NOT_HOUR,NOT_HOURNAME,NOT_MIN,NOT_MINNAME,ARR_HOUR,ARR_HOURNAME,ARR_MIN,ARR_MINNAME,HOSP_HR,HOSP_HRNAME,HOSP_MN,HOSP_MNNAME,FATALS
17,Illinois,170690,0,0,2,2,0,2,2,15,CARROLL (15),7780,SAVANNA,8,August,20,20,7,Saturday,2022,2,2:00am-2:59am,20,20,US-52,NA,2,US Highway,1,Rural,4,Minor Arterial,1,State Highway Agency,0,This section IS NOT on the NHS,0,No Special Jurisdiction,30,30,42.09178611,42.09178611,-90.08520833,-90.08520833,12,Motor Vehicle In-Transport,2,Front-to-Front,0,No,1,Non-Junction,1,Not an Intersection,1,On Roadway,0,None,6,Dark - Unknown Lighting,2,Rain,0,No,0000000,Not Applicable,2,2:00am-2:59am,24,24,2,2:00am-2:59am,35,35,99,Unknown,99,Unknown EMS Hospital Arrival Time,1
17,Illinois,170691,0,0,2,2,0,2,2,119,MADISON (119),3760,HARTFORD,8,August,16,16,3,Tuesday,2022,16,4:00pm-4:59pm,11,11,SR-3,7TH ST,3,State Highway,2,Urban,3,Principal Arterial - Other,1,State Highway Agency,1,This section IS ON the NHS,0,No Special Jurisdiction,0,None,38.827925,38.827925,-90.10035556,-90.10035556,12,Motor Vehicle In-Transport,6,Angle,0,No,2,Intersection,2,Four-Way Intersection,1,On Roadway,0,None,1,Daylight,1,Clear,0,No,0000000,Not Applicable,16,4:00pm-4:59pm,12,12,16,4:00pm-4:59pm,19,19,88,Not Applicable (Not Transported),88,Not Applicable (Not Transported),1
17,Illinois,170692,0,0,2,2,0,2,2,97,LAKE (97),8933,WADSWORTH,8,August,15,15,2,Monday,2022,23,11:00pm-11:59pm,30,30,US-41,NA,2,US Highway,2,Urban,3,Principal Arterial - Other,1,State Highway Agency,1,This section IS ON the NHS,0,No Special Jurisdiction,33,33,42.43607778,42.43607778,-87.93814722,-87.93814722,12,Motor Vehicle In-Transport,2,Front-to-Front,0,No,1,Non-Junction,1,Not an Intersection,1,On Roadway,0,None,6,Dark - Unknown Lighting,1,Clear,0,No,0000000,Not Applicable,23,11:00pm-11:59pm,38,38,99,Unknown EMS Scene Arrival Hour,99,Unknown EMS Scene Arrival Minutes,99,Unknown,99,Unknown EMS Hospital Arrival Time,1
17,Illinois,170693,1,1,1,1,0,1,1,31,COOK (31),0,NOT APPLICABLE,8,August,20,20,7,Saturday,2022,21,9:00pm-9:59pm,37,37,US-30,WOODLAWN AVE,2,US Highway,2,Urban,3,Principal Arterial - Other,1,State Highway Agency,1,This section IS ON the NHS,0,No Special Jurisdiction,1490,1490,41.50625556,41.50625556,-87.58728611,-87.58728611,8,Pedestrian,0,The First Harmful Event was Not a Collision with a Motor Vehicle in Transport,0,No,3,Intersection-Related,2,Four-Way Intersection,1,On Roadway,0,None,6,Dark - Unknown Lighting,5,"Fog, Smog, Smoke",0,No,0000000,Not Applicable,99,Unknown,99,Unknown,99,Unknown EMS Scene Arrival Hour,99,Unknown EMS Scene Arrival Minutes,99,Unknown,99,Unknown EMS Hospital Arrival Time,1
17,Illinois,170694,0,0,2,2,0,4,4,137,MORGAN (137),0,NOT APPLICABLE,8,August,20,20,7,Saturday,2022,21,9:00pm-9:59pm,45,45,OLD US-36,NA,8,Other,1,Rural,5,Major Collector,1,State Highway Agency,0,This section IS NOT on the NHS,0,No Special Jurisdiction,99998,Not Reported,39.72404167,39.72404167,-90.07374167,-90.07374167,31,"Post, Pole or Other Supports",0,The First Harmful Event was Not a Collision with a Motor Vehicle in Transport,0,No,1,Non-Junction,1,Not an Intersection,4,On Roadside,0,None,6,Dark - Unknown Lighting,1,Clear,0,No,0000000,Not Applicable,99,Unknown,99,Unknown,99,Unknown EMS Scene Arrival Hour,99,Unknown EMS Scene Arrival Minutes,99,Unknown,99,Unknown EMS Hospital Arrival Time,2
17,Illinois,170695,0,0,1,1,0,2,2,31,COOK (31),0,NOT APPLICABLE,8,August,14,14,1,Sunday,2022,3,3:00am-3:59am,21,21,I-90 W/B RAMP TO BEVERLY RD,NA,1,Interstate,2,Urban,1,Interstate,31,State Toll Road,1,This section IS ON the NHS,0,No Special Jurisdiction,99998,Not Reported,42.06703333,42.06703333,-88.22043056,-88.22043056,43,Other Fixed Object,0,The First Harmful Event was Not a Collision with a Motor Vehicle in Transport,1,Yes,5,Entrance/Exit Ramp Related,1,Not an Intersection,4,On Roadside,0,None,3,Dark - Lighted,1,Clear,0,No,0000000,Not Applicable,3,3:00am-3:59am,25,25,3,3:00am-3:59am,39,39,99,Unknown,99,Unknown EMS Hospital Arrival Time,1
17,Illinois,170696,0,0,2,2,0,2,2,89,KANE (89),0,NOT APPLICABLE,8,August,22,22,2,Monday,2022,7,7:00am-7:59am,15,15,CR-41,NA,4,County Road,2,Urban,5,Major Collector,3,Town or Township Highway Agency,0,This section IS NOT on the NHS,0,No Special Jurisdiction,60,60,41.88140278,41.88140278,-88.48394167,-88.48394167,12,Motor Vehicle In-Transport,8,Sideswipe - Opposite Direction,0,No,1,Non-Junction,1,Not an Intersection,1,On Roadway,0,None,1,Daylight,1,Clear,0,No,0000000,Not Applicable,7,7:00am-7:59am,13,13,7,7:00am-7:59am,25,25,99,Unknown,99,Unknown EMS Hospital Arrival Time,1
17,Illinois,170697,1,1,1,1,0,2,2,31,COOK (31),8090,SOUTH CHICAGO HEIGHTS,8,August,13,13,7,Saturday,2022,22,10:00pm-10:59pm,52,52,SR-1,NA,3,State Highway,2,Urban,3,Principal Arterial - Other,1,State Highway Agency,1,This section IS ON the NHS,0,No Special Jurisdiction,83,83,41.48409722,41.48409722,-87.63823056,-87.63823056,8,Pedestrian,0,The First Harmful Event was Not a Collision with a Motor Vehicle in Transport,0,No,1,Non-Junction,1,Not an Intersection,1,On Roadway,0,None,3,Dark - Lighted,1,Clear,0,No,0000000,Not Applicable,22,10:00pm-10:59pm,52,52,22,10:00pm-10:59pm,55,55,99,Unknown,99,Unknown EMS Hospital Arrival Time,1
17,Illinois,170698,0,0,1,1,0,1,1,31,COOK (31),5870,MOUNT PROSPECT,8,August,19,19,6,Friday,2022,20,8:00pm-8:59pm,50,50,BUSSE RD,CENTRAL RD,5,Local Street - Township,2,Urban,4,Minor Arterial,3,Town or Township Highway Agency,0,This section IS NOT on the NHS,0,No Special Jurisdiction,99998,Not Reported,42.06643333,42.06643333,-87.96046944,-87.96046944,25,Concrete Traffic Barrier,0,The First Harmful Event was Not a Collision with a Motor Vehicle in Transport,0,No,3,Intersection-Related,3,T-Intersection,5,Outside Trafficway,0,None,3,Dark - Lighted,1,Clear,0,No,0000000,Not Applicable,20,8:00pm-8:59pm,50,50,20,8:00pm-8:59pm,55,55,99,Unknown,99,Unknown EMS Hospital Arrival Time,1
17,Illinois,170699,1,1,1,1,0,1,1,163,ST. CLAIR (163),2610,EAST SAINT LOUIS,8,August,24,24,4,Wednesday,2022,1,1:00am-1:59am,17,17,STATE ST,NA,6,Local Street - Municipality,2,Urban,4,Minor Arterial,4,City or Municipal Highway Agency,0,This section IS NOT on the NHS,0,No Special Jurisdiction,99998,Not Reported,38.61968333,38.61968333,-90.13692778,-90.13692778,9,Pedalcyclist,0,The First Harmful Event was Not a Collision with a Motor Vehicle in Transport,0,No,1,Non-Junction,1,Not an Intersection,1,On Roadway,0,None,3,Dark - Lighted,1,Clear,0,No,0000000,Not Applicable,1,1:00am-1:59am,18,18,1,1:00am-1:59am,22,22,88,Not Applicable (Not Transported),88,Not Applicable (Not Transported),1
17,Illinois,170700,0,0,1,1,0,1,1,43,DUPAGE (43),20,ADDISON,3,March,4,4,6,Friday,2022,11,11:00am-11:59am,58,58,YORK RD TO I-290,NA,8,Other,2,Urban,1,Interstate,1,State Highway Agency,1,This section IS ON the NHS,0,No Special Jurisdiction,99998,Not Reported,41.917225,41.917225,-87.94371111,-87.94371111,43,Other Fixed Object,0,The First Harmful Event was Not a Collision with a Motor Vehicle in Transport,1,Yes,19,Other location within Interchange Area,1,Not an Intersection,4,On Roadside,0,None,1,Daylight,1,Clear,0,No,0000000,Not Applicable,11,11:00am-11:59am,58,58,12,12:00pm-12:59pm,5,5,99,Unknown,99,Unknown EMS Hospital Arrival Time,1
17,Illinois,170701,0,0,2,2,0,3,3,43,DUPAGE (43),9180,WEST CHICAGO,4,April,22,22,6,Friday,2022,13,1:00pm-1:59pm,47,47,PRINCE CROSSING RD,NA,6,Local Street - Municipality,2,Urban,4,Minor Arterial,4,City or Municipal Highway Agency,0,This section IS NOT on the NHS,0,No Special Jurisdiction,99998,Not Reported,41.90607222,41.90607222,-88.18478611,-88.18478611,12,Motor Vehicle In-Transport,6,Angle,0,No,1,Non-Junction,1,Not an Intersection,1,On Roadway,0,None,1,Daylight,2,Rain,0,No,0000000,Not Applicable,13,1:00pm-1:59pm,47,47,99,Unknown EMS Scene Arrival Hour,99,Unknown EMS Scene Arrival Minutes,99,Unknown,99,Unknown EMS Hospital Arrival Time,1
17,Illinois,170702,0,0,1,1,0,2,2,103,LEE (103),2380,DIXON,5,May,26,26,5,Thursday,2022,10,10:00am-10:59am,42,42,SR-38,NA,3,State Highway,2,Urban,4,Minor Arterial,1,State Highway Agency,0,This section IS NOT on the NHS,0,No Special Jurisdiction,6,6,41.837775,41.837775,-89.46882222,-89.46882222,42,Tree (Standing Only),0,The First Harmful Event was Not a Collision with a Motor Vehicle in Transport,0,No,1,Non-Junction,1,Not an Intersection,4,On Roadside,0,None,1,Daylight,1,Clear,0,No,0000000,Not Applicable,10,10:00am-10:59am,44,44,99,Unknown EMS Scene Arrival Hour,99,Unknown EMS Scene Arrival Minutes,99,Unknown,99,Unknown EMS Hospital Arrival Time,2
17,Illinois,170703,0,0,4,4,0,5,5,123,MARSHALL (123),0,NOT APPLICABLE,8,August,12,12,6,Friday,2022,16,4:00pm-4:59pm,15,15,I-39,NA,1,Interstate,1,Rural,1,Interstate,1,State Highway Agency,1,This section IS ON the NHS,0,No Special Jurisdiction,357,357,41.02667778,41.02667778,-89.05653333,-89.05653333,12,Motor Vehicle In-Transport,1,Front-to-Rear,0,No,1,Non-Junction,1,Not an Intersection,1,On Roadway,1,Construction,1,Daylight,1,Clear,0,No,0000000,Not Applicable,16,4:00pm-4:59pm,16,16,16,4:00pm-4:59pm,25,25,99,Unknown,99,Unknown EMS Hospital Arrival Time,1
17,Illinois,170704,0,0,1,1,0,1,1,31,COOK (31),3790,HARVEY,6,June,7,7,3,Tuesday,2022,3,3:00am-3:59am,27,27,SR-83 147TH STREET,NA,3,State Highway,2,Urban,3,Principal Arterial - Other,1,State Highway Agency,1,This section IS ON the NHS,0,No Special Jurisdiction,23,23,41.62263333,41.62263333,-87.63623333,-87.63623333,21,Bridge Pier or Support,0,The First Harmful Event was Not a Collision with a Motor Vehicle in Transport,0,No,1,Non-Junction,1,Not an Intersection,3,On Median,0,None,3,Dark - Lighted,2,Rain,0,No,0000000,Not Applicable,4,4:00am-4:59am,20,20,4,4:00am-4:59am,25,25,88,Not Applicable (Not Transported),88,Not Applicable (Not Transported),1
17,Illinois,170705,1,1,1,1,0,2,2,43,DUPAGE (43),740,BENSENVILLE,8,August,16,16,3,Tuesday,2022,1,1:00am-1:59am,16,16,CR-8,NA,4,County Road,2,Urban,3,Principal Arterial - Other,3,Town or Township Highway Agency,1,This section IS ON the NHS,0,No Special Jurisdiction,99998,Not Reported,41.96544444,41.96544444,-87.93962778,-87.93962778,8,Pedestrian,0,The First Harmful Event was Not a Collision with a Motor Vehicle in Transport,0,No,1,Non-Junction,1,Not an Intersection,1,On Roadway,0,None,6,Dark - Unknown Lighting,1,Clear,0,No,0000000,Not Applicable,99,Unknown,99,Unknown,99,Unknown EMS Scene Arrival Hour,99,Unknown EMS Scene Arrival Minutes,99,Unknown,99,Unknown EMS Hospital Arrival Time,1
17,Illinois,170706,0,0,3,3,0,4,4,7,BOONE (7),0,NOT APPLICABLE,8,August,10,10,4,Wednesday,2022,6,6:00am-6:59am,34,34,I-90,NA,1,Interstate,2,Urban,1,Interstate,31,State Toll Road,1,This section IS ON the NHS,0,No Special Jurisdiction,263,263,42.23388056,42.23388056,-88.79444722,-88.79444722,12,Motor Vehicle In-Transport,1,Front-to-Rear,0,No,1,Non-Junction,1,Not an Intersection,1,On Roadway,0,None,1,Daylight,1,Clear,0,No,0000000,Not Applicable,6,6:00am-6:59am,38,38,6,6:00am-6:59am,48,48,99,Unknown,99,Unknown EMS Hospital Arrival Time,1
17,Illinois,170707,0,0,3,3,0,3,3,89,KANE (89),460,AURORA,8,August,16,16,3,Tuesday,2022,20,8:00pm-8:59pm,25,25,US-30,NA,2,US Highway,2,Urban,3,Principal Arterial - Other,1,State Highway Agency,1,This section IS ON the NHS,0,No Special Jurisdiction,41,41,41.72440278,41.72440278,-88.36531389,-88.36531389,12,Motor Vehicle In-Transport,1,Front-to-Rear,0,No,1,Non-Junction,1,Not an Intersection,1,On Roadway,0,None,1,Daylight,1,Clear,0,No,0000000,Not Applicable,20,8:00pm-8:59pm,26,26,99,Unknown EMS Scene Arrival Hour,99,Unknown EMS Scene Arrival Minutes,99,Unknown,99,Unknown EMS Hospital Arrival Time,1
17,Illinois,170708,0,0,1,1,0,1,1,167,SANGAMON (167),0,NOT APPLICABLE,8,August,31,31,4,Wednesday,2022,8,8:00am-8:59am,45,45,I-55,NA,1,Interstate,2,Urban,1,Interstate,1,State Highway Agency,1,This section IS ON the NHS,0,No Special Jurisdiction,191,191,39.782275,39.782275,-89.60043889,-89.60043889,25,Concrete Traffic Barrier,0,The First Harmful Event was Not a Collision with a Motor Vehicle in Transport,0,No,1,Non-Junction,1,Not an Intersection,3,On Median,1,Construction,3,Dark - Lighted,1,Clear,0,No,0000000,Not Applicable,99,Unknown,99,Unknown,99,Unknown EMS Scene Arrival Hour,99,Unknown EMS Scene Arrival Minutes,88,Not Applicable (Not Transported),88,Not Applicable (Not Transported),1
17,Illinois,170709,1,1,1,1,0,1,1,31,COOK (31),1670,CHICAGO,6,June,29,29,4,Wednesday,2022,18,6:00pm-6:59pm,45,45,23RD ST,NA,6,Local Street - Municipality,2,Urban,7,Local,4,City or Municipal Highway Agency,0,This section IS NOT on the NHS,0,No Special Jurisdiction,99998,Not Reported,41.85010556,41.85010556,-87.69361944,-87.69361944,8,Pedestrian,0,The First Harmful Event was Not a Collision with a Motor Vehicle in Transport,0,No,1,Non-Junction,1,Not an Intersection,1,On Roadway,0,None,1,Daylight,1,Clear,0,No,0000000,Not Applicable,99,Unknown,99,Unknown,18,6:00pm-6:59pm,49,49,99,Unknown,99,Unknown EMS Hospital Arrival Time,1
17,Illinois,170710,0,0,1,1,0,1,1,133,MONROE (133),1930,COLUMBIA,8,August,21,21,1,Sunday,2022,2,2:00am-2:59am,30,30,SR-3,NA,3,State Highway,2,Urban,3,Principal Arterial - Other,1,State Highway Agency,1,This section IS ON the NHS,0,No Special Jurisdiction,29,29,38.44231389,38.44231389,-90.21426944,-90.21426944,1,Rollover/Overturn,0,The First Harmful Event was Not a Collision with a Motor Vehicle in Transport,0,No,1,Non-Junction,1,Not an Intersection,4,On Roadside,0,None,6,Dark - Unknown Lighting,1,Clear,0,No,0000000,Not Applicable,99,Unknown,99,Unknown,99,Unknown EMS Scene Arrival Hour,99,Unknown EMS Scene Arrival Minutes,88,Not Applicable (Not Transported),88,Not Applicable (Not Transported),1
17,Illinois,170711,0,0,2,2,0,2,2,31,COOK (31),0,NOT APPLICABLE,8,August,30,30,3,Tuesday,2022,18,6:00pm-6:59pm,31,31,LAKE COOK RD,OLD HICKS RD,8,Other,2,Urban,3,Principal Arterial - Other,2,County Highway Agency,1,This section IS ON the NHS,0,No Special Jurisdiction,99998,Not Reported,42.15365,42.15365,-88.02274167,-88.02274167,12,Motor Vehicle In-Transport,6,Angle,0,No,2,Intersection,2,Four-Way Intersection,1,On Roadway,0,None,1,Daylight,1,Clear,0,No,0000000,Not Applicable,18,6:00pm-6:59pm,36,36,18,6:00pm-6:59pm,37,37,88,Not Applicable (Not Transported),88,Not Applicable (Not Transported),1
17,Illinois,170712,1,1,1,1,0,1,1,37,DEKALB (37),3310,GENOA,8,August,10,10,4,Wednesday,2022,17,5:00pm-5:59pm,56,56,1ST ST,WASHINGTON ST,6,Local Street - Municipality,2,Urban,5,Major Collector,4,City or Municipal Highway Agency,0,This section IS NOT on the NHS,0,No Special Jurisdiction,99998,Not Reported,42.09950278,42.09950278,-88.69673889,-88.69673889,9,Pedalcyclist,0,The First Harmful Event was Not a Collision with a Motor Vehicle in Transport,0,No,2,Intersection,2,Four-Way Intersection,1,On Roadway,0,None,1,Daylight,1,Clear,0,No,0000000,Not Applicable,17,5:00pm-5:59pm,56,56,18,6:00pm-6:59pm,0,0,88,Not Applicable (Not Transported),88,Not Applicable (Not Transported),1
17,Illinois,170713,0,0,1,1,0,1,1,79,JASPER (79),0,NOT APPLICABLE,8,August,21,21,1,Sunday,2022,21,9:00pm-9:59pm,50,50,1900TH AVE,NA,5,Local Street - Township,1,Rural,5,Major Collector,3,Town or Township Highway Agency,0,This section IS NOT on the NHS,0,No Special Jurisdiction,99998,Not Reported,39.132625,39.132625,-88.34886944,-88.34886944,32,Culvert,0,The First Harmful Event was Not a Collision with a Motor Vehicle in Transport,0,No,1,Non-Junction,1,Not an Intersection,4,On Roadside,0,None,6,Dark - Unknown Lighting,1,Clear,0,No,0000000,Not Applicable,22,10:00pm-10:59pm,4,4,22,10:00pm-10:59pm,21,21,88,Not Applicable (Not Transported),88,Not Applicable (Not Transported),1
17,Illinois,170714,0,0,1,1,0,3,3,103,LEE (103),0,NOT APPLICABLE,8,August,9,9,3,Tuesday,2022,4,4:00am-4:59am,9,9,I-88,NA,1,Interstate,1,Rural,1,Interstate,31,State Toll Road,1,This section IS ON the NHS,0,No Special Jurisdiction,631,631,41.82434167,41.82434167,-89.29490833,-89.29490833,34,Ditch,0,The First Harmful Event was Not a Collision with a Motor Vehicle in Transport,0,No,1,Non-Junction,1,Not an Intersection,3,On Median,0,None,6,Dark - Unknown Lighting,1,Clear,0,No,0000000,Not Applicable,4,4:00am-4:59am,12,12,4,4:00am-4:59am,40,40,99,Unknown,99,Unknown EMS Hospital Arrival Time,1
17,Illinois,170715,0,0,1,1,0,1,1,97,LAKE (97),230,ANTIOCH,8,August,17,17,4,Wednesday,2022,10,10:00am-10:59am,29,29,SR-83,NA,3,State Highway,2,Urban,3,Principal Arterial - Other,1,State Highway Agency,1,This section IS ON the NHS,0,No Special Jurisdiction,30,30,42.45256667,42.45256667,-88.09136944,-88.09136944,42,Tree (Standing Only),0,The First Harmful Event was Not a Collision with a Motor Vehicle in Transport,0,No,1,Non-Junction,1,Not an Intersection,4,On Roadside,0,None,1,Daylight,1,Clear,0,No,0000000,Not Applicable,10,10:00am-10:59am,29,29,10,10:00am-10:59am,50,50,99,Unknown,99,Unknown EMS Hospital Arrival Time,1
17,Illinois,170716,0,0,2,2,0,8,8,203,WOODFORD (203),0,NOT APPLICABLE,8,August,27,27,7,Saturday,2022,12,12:00pm-12:59pm,24,24,US-24,NA,2,US Highway,1,Rural,3,Principal Arterial - Other,1,State Highway Agency,1,This section IS ON the NHS,0,No Special Jurisdiction,63,63,40.73068889,40.73068889,-89.21488056,-89.21488056,12,Motor Vehicle In-Transport,2,Front-to-Front,0,No,1,Non-Junction,1,Not an Intersection,1,On Roadway,0,None,1,Daylight,1,Clear,0,No,0000000,Not Applicable,12,12:00pm-12:59pm,26,26,12,12:00pm-12:59pm,41,41,99,Unknown,99,Unknown EMS Hospital Arrival Time,1
17,Illinois,170717,1,1,1,1,0,1,1,167,SANGAMON (167),7420,ROCHESTER,8,August,26,26,6,Friday,2022,21,9:00pm-9:59pm,58,58,SR-29,NA,3,State Highway,2,Urban,3,Principal Arterial - Other,1,State Highway Agency,1,This section IS ON the NHS,0,No Special Jurisdiction,23,23,39.77778333,39.77778333,-89.58526111,-89.58526111,8,Pedestrian,0,The First Harmful Event was Not a Collision with a Motor Vehicle in Transport,0,No,1,Non-Junction,1,Not an Intersection,1,On Roadway,0,None,6,Dark - Unknown Lighting,1,Clear,0,No,0000000,Not Applicable,22,10:00pm-10:59pm,0,0,22,10:00pm-10:59pm,5,5,99,Unknown,99,Unknown EMS Hospital Arrival Time,1
17,Illinois,170718,0,0,1,1,0,1,1,31,COOK (31),3100,FOREST PARK,8,August,25,25,5,Thursday,2022,19,7:00pm-7:59pm,24,24,I-290 RAMP,NA,1,Interstate,2,Urban,1,Interstate,1,State Highway Agency,1,This section IS ON the NHS,0,No Special Jurisdiction,69,69,41.87214722,41.87214722,-87.81838056,-87.81838056,35,Embankment,0,The First Harmful Event was Not a Collision with a Motor Vehicle in Transport,1,Yes,5,Entrance/Exit Ramp Related,1,Not an Intersection,8,Gore,0,None,1,Daylight,1,Clear,0,No,0000000,Not Applicable,19,7:00pm-7:59pm,27,27,19,7:00pm-7:59pm,30,30,88,Not Applicable (Not Transported),88,Not Applicable (Not Transported),1
17,Illinois,170720,0,0,2,2,0,2,2,141,OGLE (141),0,NOT APPLICABLE,6,June,19,19,1,Sunday,2022,15,3:00pm-3:59pm,48,48,SR-64,MULFORD RD,3,State Highway,1,Rural,4,Minor Arterial,1,State Highway Agency,0,This section IS NOT on the NHS,0,No Special Jurisdiction,656,656,42.00735278,42.00735278,-89.00061944,-89.00061944,12,Motor Vehicle In-Transport,6,Angle,0,No,2,Intersection,2,Four-Way Intersection,1,On Roadway,0,None,1,Daylight,1,Clear,0,No,0000000,Not Applicable,15,3:00pm-3:59pm,48,48,16,4:00pm-4:59pm,0,0,99,Unknown,99,Unknown EMS Hospital Arrival Time,1
17,Illinois,170721,0,0,2,2,0,2,2,99,LASALLE (99),4690,LA SALLE,8,August,24,24,4,Wednesday,2022,16,4:00pm-4:59pm,27,27,I-39 RAMP,US-6,1,Interstate,2,Urban,1,Interstate,1,State Highway Agency,1,This section IS ON the NHS,0,No Special Jurisdiction,161,161,41.33756389,41.33756389,-89.06916389,-89.06916389,12,Motor Vehicle In-Transport,6,Angle,1,Yes,2,Intersection,2,Four-Way Intersection,1,On Roadway,0,None,1,Daylight,1,Clear,0,No,0000000,Not Applicable,16,4:00pm-4:59pm,28,28,16,4:00pm-4:59pm,32,32,99,Unknown,99,Unknown EMS Hospital Arrival Time,1
17,Illinois,170722,0,0,2,2,0,3,3,181,UNION (181),0,NOT APPLICABLE,8,August,24,24,4,Wednesday,2022,8,8:00am-8:59am,56,56,I-57,NA,1,Interstate,1,Rural,1,Interstate,1,State Highway Agency,1,This section IS ON the NHS,0,No Special Jurisdiction,320,320,37.47459444,37.47459444,-89.12836111,-89.12836111,12,Motor Vehicle In-Transport,6,Angle,0,No,1,Non-Junction,1,Not an Intersection,1,On Roadway,0,None,1,Daylight,1,Clear,0,No,0000000,Not Applicable,8,8:00am-8:59am,56,56,9,9:00am-9:59am,9,9,88,Not Applicable (Not Transported),88,Not Applicable (Not Transported),1
17,Illinois,170723,1,1,1,1,0,1,1,31,COOK (31),1670,CHICAGO,8,August,27,27,7,Saturday,2022,15,3:00pm-3:59pm,35,35,26TH ST,STEWART ST,6,Local Street - Municipality,2,Urban,5,Major Collector,4,City or Municipal Highway Agency,0,This section IS NOT on the NHS,0,No Special Jurisdiction,99998,Not Reported,41.84550556,41.84550556,-87.63653889,-87.63653889,9,Pedalcyclist,0,The First Harmful Event was Not a Collision with a Motor Vehicle in Transport,0,No,2,Intersection,2,Four-Way Intersection,1,On Roadway,0,None,1,Daylight,1,Clear,0,No,0000000,Not Applicable,15,3:00pm-3:59pm,37,37,15,3:00pm-3:59pm,38,38,99,Unknown,99,Unknown EMS Hospital Arrival Time,1
17,Illinois,170724,1,1,2,2,0,2,2,31,COOK (31),1670,CHICAGO,8,August,28,28,1,Sunday,2022,1,1:00am-1:59am,35,35,SR-50,65TH ST,3,State Highway,2,Urban,3,Principal Arterial - Other,1,State Highway Agency,1,This section IS ON the NHS,0,No Special Jurisdiction,485,485,41.77478333,41.77478333,-87.74215833,-87.74215833,12,Motor Vehicle In-Transport,6,Angle,0,No,2,Intersection,2,Four-Way Intersection,1,On Roadway,0,None,3,Dark - Lighted,1,Clear,0,No,0000000,Not Applicable,1,1:00am-1:59am,99,Unknown,1,1:00am-1:59am,37,37,99,Unknown,99,Unknown EMS Hospital Arrival Time,1
17,Illinois,170725,0,0,2,2,0,2,2,197,WILL (197),0,NOT APPLICABLE,8,August,31,31,4,Wednesday,2022,13,1:00pm-1:59pm,20,20,E WASHINGTON ST,NA,6,Local Street - Municipality,2,Urban,7,Local,4,City or Municipal Highway Agency,0,This section IS NOT on the NHS,0,No Special Jurisdiction,0,None,41.52272222,41.52272222,-88.03613889,-88.03613889,12,Motor Vehicle In-Transport,6,Angle,0,No,4,Driveway Access,1,Not an Intersection,1,On Roadway,0,None,1,Daylight,1,Clear,0,No,0000000,Not Applicable,13,1:00pm-1:59pm,20,20,13,1:00pm-1:59pm,20,20,99,Unknown,99,Unknown EMS Hospital Arrival Time,1
17,Illinois,170726,1,1,1,1,0,1,1,31,COOK (31),1995,COUNTRYSIDE,8,August,28,28,1,Sunday,2022,18,6:00pm-6:59pm,41,41,US-45,55TH ST,2,US Highway,2,Urban,3,Principal Arterial - Other,1,State Highway Agency,1,This section IS ON the NHS,0,No Special Jurisdiction,611,611,41.79048889,41.79048889,-87.86865278,-87.86865278,9,Pedalcyclist,0,The First Harmful Event was Not a Collision with a Motor Vehicle in Transport,0,No,3,Intersection-Related,2,Four-Way Intersection,1,On Roadway,0,None,1,Daylight,1,Clear,0,No,0000000,Not Applicable,18,6:00pm-6:59pm,41,41,99,Unknown EMS Scene Arrival Hour,99,Unknown EMS Scene Arrival Minutes,88,Not Applicable (Not Transported),88,Not Applicable (Not Transported),1
17,Illinois,170727,1,1,1,1,0,1,1,31,COOK (31),2719,ELK GROVE VILLAGE,8,August,18,18,5,Thursday,2022,21,9:00pm-9:59pm,0,0,SR-83,LOUIS AVE,3,State Highway,2,Urban,3,Principal Arterial - Other,1,State Highway Agency,1,This section IS ON the NHS,0,No Special Jurisdiction,540,540,42.01448056,42.01448056,-87.95980833,-87.95980833,9,Pedalcyclist,0,The First Harmful Event was Not a Collision with a Motor Vehicle in Transport,0,No,3,Intersection-Related,3,T-Intersection,1,On Roadway,0,None,3,Dark - Lighted,1,Clear,0,No,0000000,Not Applicable,21,9:00pm-9:59pm,25,25,21,9:00pm-9:59pm,29,29,88,Not Applicable (Not Transported),88,Not Applicable (Not Transported),1