STATE,STATENAME,ST_CASE,PEDS,PERNOTMVIT,VE_TOTAL,VE_FORMS,PVH_INVL,PERSONS,PERMVIT,COUNTY,COUNTYNAME,CITY,CITYNAME,MONTH,MONTHNAME,DAY,DAYNAME,DAY_WEEK,DAY_WEEKNAME,YEAR,HOUR,HOURNAME,MINUTE,MINUTENAME,TWAY_ID,TWAY_ID2,ROUTE,ROUTENAME,RUR_URB,RUR_URBNAME,FUNC_SYS,FUNC_SYSNAME,RD_OWNER,RD_OWNERNAME,NHS,NHSNAME,SP_JUR,SP_JURNAME,MILEPT,MILEPTNAME,LATITUDE,LATITUDENAME,LONGITUD,LONGITUDNAME,HARM_EV,HARM_EVNAME,MAN_COLL,MAN_COLLNAME,RELJCT1,RELJCT1NAME,RELJCT2,RELJCT2NAME,TYP_INT,TYP_INTNAME,REL_ROAD,REL_ROADNAME,WRK_ZONE,WRK_ZONENAME,LGT_COND,LGT_CONDNAME,WEATHER,WEATHERNAME,SCH_BUS,SCH_BUSNAME,RAIL,RAILNAME,NOT_HOUR,NOT_HOURNAME,NOT_MIN,NOT_MINNAME,ARR_HOUR,ARR_HOURNAME,ARR_MIN,ARR_MINNAME,HOSP_HR,HOSP_HRNAME,HOSP_MN,HOSP_MNNAME,FATALS
17,Illinois,170805,1,1,1,1,0,1,1,163,ST. CLAIR (163),1240,CAHOKIA,9,September,1,1,5,Thursday,2022,20,8:00pm-8:59pm,34,34,SR-3,NA,3,State Highway,2,Urban,3,Principal Arterial - Other,1,State Highway Agency,1,This section IS ON the NHS,0,No Special Jurisdiction,32,32,38.57281944,38.57281944,-90.18712222,-90.18712222,8,Pedestrian,0,The First Harmful Event was Not a Collision with a Motor Vehicle in Transport,0,No,1,Non-Junction,1,Not an Intersection,1,On Roadway,0,None,6,Dark - Unknown Lighting,1,Clear,0,No,0000000,Not Applicable,20,8:00pm-8:59pm,34,34,20,8:00pm-8:59pm,38,38,99,Unknown,99,Unknown EMS Hospital Arrival Time,1
17,Illinois,170806,1,1,1,1,0,1,1,97,LAKE (97),3670,GURNEE,9,September,15,15,5,Thursday,2022,10,10:00am-10:59am,26,26,CR-22,NA,4,County Road,2,Urban,4,Minor Arterial,3,Town or Township Highway Agency,0,This section IS NOT on the NHS,0,No Special Jurisdiction,99998,Not Reported,42.37966389,42.37966389,-87.90455,-87.90455,8,Pedestrian,0,The First Harmful Event was Not a Collision with a Motor Vehicle in Transport,0,No,1,Non-Junction,1,Not an Intersection,1,On Roadway,0,None,9,Reported as Unknown,99,Reported as Unknown,0,No,0000000,Not Applicable,10,10:00am-10:59am,28,28,10,10:00am-10:59am,32,32,88,Not Applicable (Not Transported),88,Not Applicable (Not Transported),1
17,Illinois,170807,0,0,1,1,0,1,1,11,BUREAU (11),0,NOT APPLICABLE,9,September,18,18,1,Sunday,2022,14,2:00pm-2:59pm,22,22,CR-4,NA,4,County Road,1,Rural,5,Major Collector,3,Town or Township Highway Agency,0,This section IS NOT on the NHS,0,No Special Jurisdiction,75,75,41.27066944,41.27066944,-89.49030833,-89.49030833,7,Other Non-Collision,0,The First Harmful Event was Not a Collision with a Motor Vehicle in Transport,0,No,1,Non-Junction,1,Not an Intersection,1,On Roadway,0,None,1,Daylight,1,Clear,0,No,0000000,Not Applicable,14,2:00pm-2:59pm,23,23,14,2:00pm-2:59pm,28,28,99,Unknown,99,Unknown EMS Hospital Arrival Time,1
17,Illinois,170808,0,0,1,1,0,1,1,43,DUPAGE (43),3420,GLEN ELLYN,9,September,9,9,6,Friday,2022,21,9:00pm-9:59pm,56,56,MAIN ST,HAWTHORNE BLVD,6,Local Street - Municipality,2,Urban,4,Minor Arterial,4,City or Municipal Highway Agency,0,This section IS NOT on the NHS,0,No Special Jurisdiction,99998,Not Reported,41.88086389,41.88086389,-88.06678889,-88.06678889,30,Utility Pole/Light Support,0,The First Harmful Event was Not a Collision with a Motor Vehicle in Transport,0,No,3,Intersection-Related,2,Four-Way Intersection,4,On Roadside,0,None,6,Dark - Unknown Lighting,1,Clear,0,No,0000000,Not Applicable,21,9:00pm-9:59pm,56,56,99,Unknown EMS Scene Arrival Hour,99,Unknown EMS Scene Arrival Minutes,99,Unknown,99,Unknown EMS Hospital Arrival Time,1
17,Illinois,170809,1,1,1,1,0,1,1,31,COOK (31),1670,CHICAGO,9,September,15,15,5,Thursday,2022,19,7:00pm-7:59pm,53,53,E 79TH ST,NA,8,Other,2,Urban,4,Minor Arterial,4,City or Municipal Highway Agency,0,This section IS NOT on the NHS,0,No Special Jurisdiction,126,126,41.75133333,41.75133333,-87.59945,-87.59945,8,Pedestrian,0,The First Harmful Event was Not a Collision with a Motor Vehicle in Transport,0,No,1,Non-Junction,1,Not an Intersection,1,On Roadway,0,None,3,Dark - Lighted,1,Clear,0,No,0000000,Not Applicable,0,0:00am-0:59am,0,0,0,0:00am-0:59am,0,0,99,Unknown,99,Unknown EMS Hospital Arrival Time,1
17,Illinois,170810,1,1,1,1,0,1,1,195,WHITESIDE (195),3230,FULTON,9,September,21,21,4,Wednesday,2022,15,3:00pm-3:59pm,15,15,SR-84,NA,3,State Highway,1,Rural,3,Principal Arterial - Other,1,State Highway Agency,0,This section IS NOT on the NHS,1,National Park Service,11,11,41.91403889,41.91403889,-90.11158889,-90.11158889,9,Pedalcyclist,0,The First Harmful Event was Not a Collision with a Motor Vehicle in Transport,0,No,1,Non-Junction,1,Not an Intersection,2,On Shoulder,0,None,1,Daylight,1,Clear,0,No,0000000,Not Applicable,15,3:00pm-3:59pm,15,15,15,3:00pm-3:59pm,25,25,99,Unknown,99,Unknown EMS Hospital Arrival Time,1
17,Illinois,170811,0,0,1,1,0,1,1,97,LAKE (97),585,BEACH,7,July,19,19,3,Tuesday,2022,22,10:00pm-10:59pm,51,51,CR-17,NA,5,Local Street - Township,2,Urban,4,Minor Arterial,3,Town or Township Highway Agency,0,This section IS NOT on the NHS,0,No Special Jurisdiction,38,38,42.42857222,42.42857222,-87.898575,-87.898575,10,Railway Vehicle,0,The First Harmful Event was Not a Collision with a Motor Vehicle in Transport,0,No,6,Railway Grade Crossing,1,Not an Intersection,1,On Roadway,0,None,6,Dark - Unknown Lighting,1,Clear,0,No,176808D,176808D,23,11:00pm-11:59pm,7,7,23,11:00pm-11:59pm,41,41,88,Not Applicable (Not Transported),88,Not Applicable (Not Transported),1
17,Illinois,170812,0,0,2,2,0,4,4,29,COLES (29),0,NOT APPLICABLE,8,August,20,20,7,Saturday,2022,10,10:00am-10:59am,5,5,SR-130,NA,3,State Highway,1,Rural,4,Minor Arterial,1,State Highway Agency,0,This section IS NOT on the NHS,0,No Special Jurisdiction,73,73,39.54707222,39.54707222,-88.17739167,-88.17739167,12,Motor Vehicle In-Transport,6,Angle,0,No,1,Non-Junction,1,Not an Intersection,1,On Roadway,0,None,1,Daylight,2,Rain,0,No,0000000,Not Applicable,99,Unknown,99,Unknown,99,Unknown EMS Scene Arrival Hour,99,Unknown EMS Scene Arrival Minutes,99,Unknown,99,Unknown EMS Hospital Arrival Time,1
17,Illinois,170813,0,0,2,2,0,2,2,137,MORGAN (137),0,NOT APPLICABLE,9,September,8,8,5,Thursday,2022,20,8:00pm-8:59pm,25,25,SR-104,NA,3,State Highway,1,Rural,4,Minor Arterial,1,State Highway Agency,0,This section IS NOT on the NHS,0,No Special Jurisdiction,54,54,39.70893611,39.70893611,-90.17858611,-90.17858611,12,Motor Vehicle In-Transport,1,Front-to-Rear,0,No,1,Non-Junction,1,Not an Intersection,1,On Roadway,0,None,6,Dark - Unknown Lighting,1,Clear,0,No,0000000,Not Applicable,99,Unknown,99,Unknown,99,Unknown EMS Scene Arrival Hour,99,Unknown EMS Scene Arrival Minutes,88,Not Applicable (Not Transported),88,Not Applicable (Not Transported),1
17,Illinois,170814,0,0,2,2,0,2,2,117,MACOUPIN (117),0,NOT APPLICABLE,9,September,18,18,1,Sunday,2022,14,2:00pm-2:59pm,2,2,SHIPMAN RD,NA,8,Other,1,Rural,4,Minor Arterial,1,State Highway Agency,0,This section IS NOT on the NHS,0,No Special Jurisdiction,99998,Not Reported,39.24880556,39.24880556,-89.91301389,-89.91301389,5,Fell/Jumped from Vehicle,0,The First Harmful Event was Not a Collision with a Motor Vehicle in Transport,0,No,1,Non-Junction,1,Not an Intersection,1,On Roadway,0,None,1,Daylight,1,Clear,0,No,0000000,Not Applicable,99,Unknown,99,Unknown,99,Unknown EMS Scene Arrival Hour,99,Unknown EMS Scene Arrival Minutes,99,Unknown,99,Unknown EMS Hospital Arrival Time,1
17,Illinois,170815,0,0,2,2,0,2,2,197,WILL (197),887,BOLINGBROOK,9,September,13,13,3,Tuesday,2022,18,6:00pm-6:59pm,48,48,111TH ST,JONATHAN WAY,6,Local Street - Municipality,2,Urban,4,Minor Arterial,4,City or Municipal Highway Agency,0,This section IS NOT on the NHS,0,No Special Jurisdiction,99998,Not Reported,41.68173889,41.68173889,-88.15226389,-88.15226389,12,Motor Vehicle In-Transport,6,Angle,0,No,2,Intersection,2,Four-Way Intersection,1,On Roadway,0,None,1,Daylight,1,Clear,0,No,0000000,Not Applicable,18,6:00pm-6:59pm,48,48,18,6:00pm-6:59pm,53,53,99,Unknown,99,Unknown EMS Hospital Arrival Time,1
17,Illinois,170816,0,0,3,3,0,5,5,31,COOK (31),9580,WORTH,9,September,21,21,4,Wednesday,2022,21,9:00pm-9:59pm,45,45,SR-43,115TH ST,3,State Highway,2,Urban,3,Principal Arterial - Other,1,State Highway Agency,1,This section IS ON the NHS,0,No Special Jurisdiction,123,123,41.682625,41.682625,-87.79719722,-87.79719722,12,Motor Vehicle In-Transport,6,Angle,0,No,2,Intersection,2,Four-Way Intersection,1,On Roadway,0,None,3,Dark - Lighted,1,Clear,0,No,0000000,Not Applicable,21,9:00pm-9:59pm,45,45,22,10:00pm-10:59pm,0,0,99,Unknown,99,Unknown EMS Hospital Arrival Time,1
17,Illinois,170817,0,0,1,1,0,2,2,163,ST. CLAIR (163),2610,EAST SAINT LOUIS,9,September,20,20,3,Tuesday,2022,4,4:00am-4:59am,8,8,I-64,NA,1,Interstate,2,Urban,1,Interstate,1,State Highway Agency,1,This section IS ON the NHS,0,No Special Jurisdiction,29,29,38.63357778,38.63357778,-90.14468056,-90.14468056,5,Fell/Jumped from Vehicle,0,The First Harmful Event was Not a Collision with a Motor Vehicle in Transport,0,No,1,Non-Junction,1,Not an Intersection,1,On Roadway,0,None,6,Dark - Unknown Lighting,1,Clear,0,No,0000000,Not Applicable,4,4:00am-4:59am,14,14,4,4:00am-4:59am,20,20,88,Not Applicable (Not Transported),88,Not Applicable (Not Transported),1
17,Illinois,170818,0,0,3,3,0,4,4,31,COOK (31),2390,DOLTON,9,September,14,14,4,Wednesday,2022,20,8:00pm-8:59pm,23,23,I-94,NA,1,Interstate,2,Urban,1,Interstate,1,State Highway Agency,1,This section IS ON the NHS,0,No Special Jurisdiction,714,714,41.62336944,41.62336944,-87.57888056,-87.57888056,12,Motor Vehicle In-Transport,1,Front-to-Rear,0,No,1,Non-Junction,1,Not an Intersection,1,On Roadway,0,None,3,Dark - Lighted,1,Clear,0,No,0000000,Not Applicable,99,Unknown,99,Unknown,99,Unknown EMS Scene Arrival Hour,99,Unknown EMS Scene Arrival Minutes,88,Not Applicable (Not Transported),88,Not Applicable (Not Transported),1
17,Illinois,170819,0,0,2,2,0,4,4,89,KANE (89),460,AURORA,9,September,22,22,5,Thursday,2022,20,8:00pm-8:59pm,55,55,WILDER AVE,SUNSET AVE,6,Local Street - Municipality,2,Urban,7,Local,4,City or Municipal Highway Agency,0,This section IS NOT on the NHS,0,No Special Jurisdiction,99998,Not Reported,41.77363056,41.77363056,-88.31561667,-88.31561667,12,Motor Vehicle In-Transport,6,Angle,0,No,2,Intersection,3,T-Intersection,1,On Roadway,0,None,3,Dark - Lighted,1,Clear,0,No,0000000,Not Applicable,21,9:00pm-9:59pm,0,0,21,9:00pm-9:59pm,5,5,99,Unknown,99,Unknown EMS Hospital Arrival Time,1
17,Illinois,170820,0,0,2,2,0,3,3,35,CUMBERLAND (35),6020,NEOGA,9,September,12,12,2,Monday,2022,12,12:00pm-12:59pm,19,19,SR-121,CR-500,3,State Highway,1,Rural,4,Minor Arterial,1,State Highway Agency,0,This section IS NOT on the NHS,0,No Special Jurisdiction,59,59,39.27599722,39.27599722,-88.37824722,-88.37824722,12,Motor Vehicle In-Transport,6,Angle,0,No,2,Intersection,3,T-Intersection,1,On Roadway,0,None,1,Daylight,1,Clear,0,No,0000000,Not Applicable,99,Unknown,99,Unknown,99,Unknown EMS Scene Arrival Hour,99,Unknown EMS Scene Arrival Minutes,99,Unknown,99,Unknown EMS Hospital Arrival Time,1
17,Illinois,170821,0,0,2,2,0,2,2,135,MONTGOMERY (135),0,NOT APPLICABLE,9,September,22,22,5,Thursday,2022,13,1:00pm-1:59pm,0,0,I-55,NA,1,Interstate,1,Rural,1,Interstate,1,State Highway Agency,1,This section IS ON the NHS,0,No Special Jurisdiction,753,753,39.50040278,39.50040278,-89.64501944,-89.64501944,12,Motor Vehicle In-Transport,1,Front-to-Rear,0,No,1,Non-Junction,1,Not an Intersection,1,On Roadway,1,Construction,1,Daylight,1,Clear,0,No,0000000,Not Applicable,13,1:00pm-1:59pm,7,7,13,1:00pm-1:59pm,21,21,99,Unknown,99,Unknown EMS Hospital Arrival Time,1
17,Illinois,170822,0,0,1,1,0,1,1,163,ST. CLAIR (163),4730,LEBANON,9,September,23,23,6,Friday,2022,2,2:00am-2:59am,0,0,US-50,NA,2,US Highway,2,Urban,3,Principal Arterial - Other,1,State Highway Agency,1,This section IS ON the NHS,0,No Special Jurisdiction,2,2,38.594325,38.594325,-89.81167222,-89.81167222,34,Ditch,0,The First Harmful Event was Not a Collision with a Motor Vehicle in Transport,0,No,1,Non-Junction,1,Not an Intersection,4,On Roadside,0,None,6,Dark - Unknown Lighting,1,Clear,0,No,0000000,Not Applicable,2,2:00am-2:59am,2,2,99,Unknown EMS Scene Arrival Hour,99,Unknown EMS Scene Arrival Minutes,99,Unknown,99,Unknown EMS Hospital Arrival Time,1
17,Illinois,170823,0,0,2,2,0,4,4,31,COOK (31),1670,CHICAGO,9,September,24,24,7,Saturday,2022,1,1:00am-1:59am,15,15,US-41,NA,2,US Highway,2,Urban,3,Principal Arterial - Other,1,State Highway Agency,1,This section IS ON the NHS,0,No Special Jurisdiction,83,83,41.79902222,41.79902222,-87.58117222,-87.58117222,12,Motor Vehicle In-Transport,99,Reported as Unknown,0,No,1,Non-Junction,1,Not an Intersection,1,On Roadway,0,None,3,Dark - Lighted,2,Rain,0,No,0000000,Not Applicable,99,Unknown,99,Unknown,1,1:00am-1:59am,28,28,99,Unknown,99,Unknown EMS Hospital Arrival Time,2
17,Illinois,170824,0,0,1,1,0,1,1,89,KANE (89),9195,WEST DUNDEE,9,September,3,3,7,Saturday,2022,16,4:00pm-4:59pm,37,37,BONCOSKY RD,SLEEPY HOLLOW RD,5,Local Street - Township,2,Urban,5,Major Collector,3,Town or Township Highway Agency,0,This section IS NOT on the NHS,0,No Special Jurisdiction,99998,Not Reported,42.075825,42.075825,-88.31683056,-88.31683056,34,Ditch,0,The First Harmful Event was Not a Collision with a Motor Vehicle in Transport,0,No,3,Intersection-Related,3,T-Intersection,4,On Roadside,0,None,1,Daylight,1,Clear,0,No,0000000,Not Applicable,16,4:00pm-4:59pm,37,37,16,4:00pm-4:59pm,39,39,99,Unknown,99,Unknown EMS Hospital Arrival Time,1
17,Illinois,170825,0,0,1,1,0,2,2,31,COOK (31),1670,CHICAGO,9,September,25,25,1,Sunday,2022,23,11:00pm-11:59pm,30,30,ARCHER AVE,NA,6,Local Street - Municipality,2,Urban,3,Principal Arterial - Other,4,City or Municipal Highway Agency,1,This section IS ON the NHS,0,No Special Jurisdiction,99998,Not Reported,41.81444722,41.81444722,-87.70364444,-87.70364444,38,Fence,0,The First Harmful Event was Not a Collision with a Motor Vehicle in Transport,0,No,1,Non-Junction,1,Not an Intersection,4,On Roadside,0,None,3,Dark - Lighted,2,Rain,0,No,0000000,Not Applicable,22,10:00pm-10:59pm,45,45,23,11:00pm-11:59pm,0,0,99,Unknown,99,Unknown EMS Hospital Arrival Time,2
17,Illinois,170826,1,1,1,1,0,1,1,31,COOK (31),1730,CICERO,9,September,19,19,2,Monday,2022,7,7:00am-7:59am,44,44,SR-50,NA,3,State Highway,2,Urban,3,Principal Arterial - Other,1,State Highway Agency,1,This section IS ON the NHS,0,No Special Jurisdiction,184,184,41.82223056,41.82223056,-87.74352222,-87.74352222,8,Pedestrian,0,The First Harmful Event was Not a Collision with a Motor Vehicle in Transport,0,No,1,Non-Junction,1,Not an Intersection,1,On Roadway,0,None,3,Dark - Lighted,1,Clear,0,No,0000000,Not Applicable,99,Unknown,99,Unknown,99,Unknown EMS Scene Arrival Hour,99,Unknown EMS Scene Arrival Minutes,88,Not Applicable (Not Transported),88,Not Applicable (Not Transported),1
17,Illinois,170827,1,1,1,1,0,1,1,31,COOK (31),0,NOT APPLICABLE,9,September,25,25,1,Sunday,2022,19,7:00pm-7:59pm,49,49,US-30,WOODLAWN,2,US Highway,2,Urban,3,Principal Arterial - Other,1,State Highway Agency,1,This section IS ON the NHS,0,No Special Jurisdiction,1490,1490,41.50625556,41.50625556,-87.58728889,-87.58728889,8,Pedestrian,0,The First Harmful Event was Not a Collision with a Motor Vehicle in Transport,0,No,3,Intersection-Related,2,Four-Way Intersection,1,On Roadway,0,None,6,Dark - Unknown Lighting,1,Clear,0,No,0000000,Not Applicable,7,7:00am-7:59am,50,50,7,7:00am-7:59am,56,56,99,Unknown,99,Unknown EMS Hospital Arrival Time,1
17,Illinois,170828,0,0,2,2,0,7,7,31,COOK (31),1670,CHICAGO,9,September,25,25,1,Sunday,2022,6,6:00am-6:59am,17,17,COLFAX AVE,94TH ST,8,Other,2,Urban,5,Major Collector,1,State Highway Agency,0,This section IS NOT on the NHS,0,No Special Jurisdiction,99998,Not Reported,41.725025,41.725025,-87.56078333,-87.56078333,12,Motor Vehicle In-Transport,99,Reported as Unknown,0,No,2,Intersection,2,Four-Way Intersection,1,On Roadway,0,None,4,Dawn,1,Clear,0,No,0000000,Not Applicable,99,Unknown,99,Unknown,6,6:00am-6:59am,20,20,99,Unknown,99,Unknown EMS Hospital Arrival Time,1
17,Illinois,170829,0,0,2,2,0,3,3,161,ROCK ISLAND (161),0,NOT APPLICABLE,9,September,16,16,6,Friday,2022,22,10:00pm-10:59pm,0,0,I-280,NA,1,Interstate,2,Urban,1,Interstate,1,State Highway Agency,1,This section IS ON the NHS,0,No Special Jurisdiction,63,63,41.456475,41.456475,-90.53141111,-90.53141111,12,Motor Vehicle In-Transport,1,Front-to-Rear,0,No,1,Non-Junction,1,Not an Intersection,1,On Roadway,0,None,6,Dark - Unknown Lighting,1,Clear,0,No,0000000,Not Applicable,22,10:00pm-10:59pm,11,11,22,10:00pm-10:59pm,16,16,99,Unknown,99,Unknown EMS Hospital Arrival Time,1
17,Illinois,170830,0,0,2,2,0,3,3,161,ROCK ISLAND (161),0,NOT APPLICABLE,9,September,16,16,6,Friday,2022,22,10:00pm-10:59pm,1,1,I-280,NA,1,Interstate,2,Urban,1,Interstate,1,State Highway Agency,1,This section IS ON the NHS,0,No Special Jurisdiction,64,64,41.45648611,41.45648611,-90.52935278,-90.52935278,12,Motor Vehicle In-Transport,2,Front-to-Front,0,No,1,Non-Junction,1,Not an Intersection,1,On Roadway,0,None,6,Dark - Unknown Lighting,1,Clear,0,No,0000000,Not Applicable,22,10:00pm-10:59pm,11,11,22,10:00pm-10:59pm,16,16,99,Unknown,99,Unknown EMS Hospital Arrival Time,1
17,Illinois,170831,0,0,1,1,0,1,1,119,MADISON (119),160,ALTON,9,September,10,10,7,Saturday,2022,3,3:00am-3:59am,43,43,BELLE ST,NA,6,Local Street - Municipality,2,Urban,5,Major Collector,4,City or Municipal Highway Agency,0,This section IS NOT on the NHS,0,No Special Jurisdiction,99998,Not Reported,38.91227778,38.91227778,-90.18798056,-90.18798056,42,Tree (Standing Only),0,The First Harmful Event was Not a Collision with a Motor Vehicle in Transport,0,No,1,Non-Junction,1,Not an Intersection,4,On Roadside,0,None,6,Dark - Unknown Lighting,1,Clear,0,No,0000000,Not Applicable,3,3:00am-3:59am,48,48,3,3:00am-3:59am,49,49,99,Unknown,99,Unknown EMS Hospital Arrival Time,1
17,Illinois,170832,0,0,2,2,0,3,3,201,WINNEBAGO (201),9450,WINNEBAGO,9,September,19,19,2,Monday,2022,7,7:00am-7:59am,5,5,US-20,NA,2,US Highway,2,Urban,3,Principal Arterial - Other,1,State Highway Agency,1,This section IS ON the NHS,0,No Special Jurisdiction,91,91,42.28016111,42.28016111,-89.22074722,-89.22074722,12,Motor Vehicle In-Transport,1,Front-to-Rear,0,No,1,Non-Junction,1,Not an Intersection,1,On Roadway,0,None,1,Daylight,1,Clear,1,Yes,0000000,Not Applicable,7,7:00am-7:59am,6,6,7,7:00am-7:59am,15,15,99,Unknown,99,Unknown EMS Hospital Arrival Time,1
17,Illinois,170834,0,0,2,2,0,5,5,201,WINNEBAGO (201),7460,ROCKFORD,9,September,24,24,7,Saturday,2022,7,7:00am-7:59am,29,29,US-20,NA,2,US Highway,2,Urban,3,Principal Arterial - Other,1,State Highway Agency,1,This section IS ON the NHS,0,No Special Jurisdiction,38,38,42.26444722,42.26444722,-89.01488889,-89.01488889,12,Motor Vehicle In-Transport,1,Front-to-Rear,0,No,1,Non-Junction,1,Not an Intersection,1,On Roadway,0,None,1,Daylight,1,Clear,0,No,0000000,Not Applicable,7,7:00am-7:59am,16,16,7,7:00am-7:59am,21,21,99,Unknown,99,Unknown EMS Hospital Arrival Time,1
17,Illinois,170835,0,0,2,2,0,4,4,37,DEKALB (37),8450,SYCAMORE,9,September,26,26,2,Monday,2022,16,4:00pm-4:59pm,36,36,SR-23,MERCANTILE DR,3,State Highway,2,Urban,3,Principal Arterial - Other,1,State Highway Agency,1,This section IS ON the NHS,0,No Special Jurisdiction,889,889,41.97087222,41.97087222,-88.71822222,-88.71822222,12,Motor Vehicle In-Transport,6,Angle,0,No,2,Intersection,2,Four-Way Intersection,1,On Roadway,0,None,1,Daylight,1,Clear,0,No,0000000,Not Applicable,16,4:00pm-4:59pm,36,36,16,4:00pm-4:59pm,42,42,99,Unknown,99,Unknown EMS Hospital Arrival Time,1
17,Illinois,170836,0,0,2,2,0,5,5,31,COOK (31),1670,CHICAGO,9,September,28,28,4,Wednesday,2022,20,8:00pm-8:59pm,53,53,31ST ST,KEDZIE AVE,6,Local Street - Municipality,2,Urban,4,Minor Arterial,4,City or Municipal Highway Agency,0,This section IS NOT on the NHS,0,No Special Jurisdiction,99998,Not Reported,41.83723056,41.83723056,-87.70482222,-87.70482222,12,Motor Vehicle In-Transport,6,Angle,0,No,2,Intersection,2,Four-Way Intersection,1,On Roadway,0,None,3,Dark - Lighted,1,Clear,0,No,0000000,Not Applicable,99,Unknown,99,Unknown,22,10:00pm-10:59pm,56,56,99,Unknown,99,Unknown EMS Hospital Arrival Time,1
17,Illinois,170837,0,0,2,2,0,4,4,21,CHRISTIAN (21),380,ASSUMPTION,9,September,26,26,2,Monday,2022,13,1:00pm-1:59pm,13,13,2500 EAST RD,1400 NORTH RD,5,Local Street - Township,1,Rural,7,Local,3,Town or Township Highway Agency,0,This section IS NOT on the NHS,0,No Special Jurisdiction,99998,Not Reported,39.55249444,39.55249444,-89.06225,-89.06225,12,Motor Vehicle In-Transport,6,Angle,0,No,2,Intersection,2,Four-Way Intersection,1,On Roadway,0,None,1,Daylight,1,Clear,0,No,0000000,Not Applicable,13,1:00pm-1:59pm,13,13,13,1:00pm-1:59pm,29,29,99,Unknown,99,Unknown EMS Hospital Arrival Time,3
17,Illinois,170838,0,0,2,2,0,2,2,43,DUPAGE (43),740,BENSENVILLE,9,September,29,29,5,Thursday,2022,0,0:00am-0:59am,51,51,SR-83,THORNDALE AVE,3,State Highway,2,Urban,3,Principal Arterial - Other,1,State Highway Agency,1,This section IS ON the NHS,0,No Special Jurisdiction,7,7,41.98314722,41.98314722,-87.95944722,-87.95944722,12,Motor Vehicle In-Transport,6,Angle,0,No,2,Intersection,2,Four-Way Intersection,1,On Roadway,0,None,3,Dark - Lighted,1,Clear,0,No,0000000,Not Applicable,0,0:00am-0:59am,52,52,0,0:00am-0:59am,57,57,88,Not Applicable (Not Transported),88,Not Applicable (Not Transported),1
17,Illinois,170839,0,0,1,1,0,1,1,81,JEFFERSON (81),0,NOT APPLICABLE,9,September,28,28,4,Wednesday,2022,15,3:00pm-3:59pm,25,25,SR-15,NA,3,State Highway,1,Rural,4,Minor Arterial,1,State Highway Agency,0,This section IS NOT on the NHS,0,No Special Jurisdiction,75,75,38.30869167,38.30869167,-89.00870556,-89.00870556,32,Culvert,0,The First Harmful Event was Not a Collision with a Motor Vehicle in Transport,0,No,1,Non-Junction,1,Not an Intersection,4,On Roadside,0,None,1,Daylight,1,Clear,0,No,0000000,Not Applicable,15,3:00pm-3:59pm,25,25,15,3:00pm-3:59pm,36,36,99,Unknown,99,Unknown EMS Hospital Arrival Time,1
17,Illinois,170840,0,0,1,1,0,1,1,165,SALINE (165),2680,ELDORADO,9,September,24,24,7,Saturday,2022,23,11:00pm-11:59pm,30,30,PEEDEE RD,NA,5,Local Street - Township,1,Rural,7,Local,3,Town or Township Highway Agency,0,This section IS NOT on the NHS,0,No Special Jurisdiction,99998,Not Reported,37.80186667,37.80186667,-88.39706944,-88.39706944,1,Rollover/Overturn,0,The First Harmful Event was Not a Collision with a Motor Vehicle in Transport,0,No,1,Non-Junction,1,Not an Intersection,4,On Roadside,0,None,6,Dark - Unknown Lighting,1,Clear,0,No,0000000,Not Applicable,23,11:00pm-11:59pm,35,35,23,11:00pm-11:59pm,48,48,88,Not Applicable (Not Transported),88,Not Applicable (Not Transported),1
17,Illinois,170841,1,1,1,1,0,1,1,113,MCLEAN (113),840,BLOOMINGTON,9,September,24,24,7,Saturday,2022,22,10:00pm-10:59pm,59,59,CENTER ST,MULBERRY ST,6,Local Street - Municipality,2,Urban,7,Local,4,City or Municipal Highway Agency,0,This section IS NOT on the NHS,0,No Special Jurisdiction,99998,Not Reported,40.48329167,40.48329167,-88.9948,-88.9948,8,Pedestrian,0,The First Harmful Event was Not a Collision with a Motor Vehicle in Transport,0,No,3,Intersection-Related,3,T-Intersection,1,On Roadway,0,None,3,Dark - Lighted,1,Clear,0,No,0000000,Not Applicable,22,10:00pm-10:59pm,59,59,23,11:00pm-11:59pm,1,1,99,Unknown,99,Unknown EMS Hospital Arrival Time,1
17,Illinois,170842,1,1,1,1,0,1,1,31,COOK (31),7813,SCHAUMBURG,9,September,3,3,7,Saturday,2022,22,10:00pm-10:59pm,38,38,SUMMIT DR,NA,6,Local Street - Municipality,2,Urban,6,Minor Collector,4,City or Municipal Highway Agency,0,This section IS NOT on the NHS,0,No Special Jurisdiction,99998,Not Reported,42.02443333,42.02443333,-88.07020278,-88.07020278,8,Pedestrian,0,The First Harmful Event was Not a Collision with a Motor Vehicle in Transport,0,No,1,Non-Junction,1,Not an Intersection,1,On Roadway,0,None,6,Dark - Unknown Lighting,1,Clear,0,No,0000000,Not Applicable,22,10:00pm-10:59pm,39,39,22,10:00pm-10:59pm,42,42,99,Unknown,99,Unknown EMS Hospital Arrival Time,1