STATE,STATENAME,ST_CASE,PEDS,PERNOTMVIT,VE_TOTAL,VE_FORMS,PVH_INVL,PERSONS,PERMVIT,COUNTY,COUNTYNAME,CITY,CITYNAME,MONTH,MONTHNAME,DAY,DAYNAME,DAY_WEEK,DAY_WEEKNAME,YEAR,HOUR,HOURNAME,MINUTE,MINUTENAME,TWAY_ID,TWAY_ID2,ROUTE,ROUTENAME,RUR_URB,RUR_URBNAME,FUNC_SYS,FUNC_SYSNAME,RD_OWNER,RD_OWNERNAME,NHS,NHSNAME,SP_JUR,SP_JURNAME,MILEPT,MILEPTNAME,LATITUDE,LATITUDENAME,LONGITUD,LONGITUDNAME,HARM_EV,HARM_EVNAME,MAN_COLL,MAN_COLLNAME,RELJCT1,RELJCT1NAME,RELJCT2,RELJCT2NAME,TYP_INT,TYP_INTNAME,REL_ROAD,REL_ROADNAME,WRK_ZONE,WRK_ZONENAME,LGT_COND,LGT_CONDNAME,WEATHER,WEATHERNAME,SCH_BUS,SCH_BUSNAME,RAIL,RAILNAME,NOT_HOUR,NOT_HOURNAME,NOT_MIN,NOT_MINNAME,ARR_HOUR,ARR_HOURNAME,ARR_MIN,ARR_MINNAME,HOSP_HR,HOSP_HRNAME,HOSP_MN,HOSP_MNNAME,FATALS
17,Illinois,170843,0,0,1,1,0,3,3,77,JACKSON (77),0,NOT APPLICABLE,9,September,4,4,1,Sunday,2022,15,3:00pm-3:59pm,44,44,CR-7,NA,4,County Road,1,Rural,5,Major Collector,3,Town or Township Highway Agency,0,This section IS NOT on the NHS,0,No Special Jurisdiction,99998,Not Reported,37.933375,37.933375,-89.59809444,-89.59809444,32,Culvert,0,The First Harmful Event was Not a Collision with a Motor Vehicle in Transport,0,No,1,Non-Junction,1,Not an Intersection,4,On Roadside,0,None,1,Daylight,1,Clear,0,No,0000000,Not Applicable,15,3:00pm-3:59pm,48,48,15,3:00pm-3:59pm,59,59,99,Unknown,99,Unknown EMS Hospital Arrival Time,1
17,Illinois,170844,0,0,2,2,0,2,2,93,KENDALL (93),0,NOT APPLICABLE,9,September,29,29,5,Thursday,2022,18,6:00pm-6:59pm,33,33,CR-9,VILMIN RD,4,County Road,2,Urban,4,Minor Arterial,3,Town or Township Highway Agency,0,This section IS NOT on the NHS,0,No Special Jurisdiction,99998,Not Reported,41.72013611,41.72013611,-88.54779167,-88.54779167,12,Motor Vehicle In-Transport,6,Angle,0,No,2,Intersection,2,Four-Way Intersection,1,On Roadway,0,None,1,Daylight,1,Clear,0,No,0000000,Not Applicable,18,6:00pm-6:59pm,33,33,18,6:00pm-6:59pm,42,42,99,Unknown,99,Unknown EMS Hospital Arrival Time,1
17,Illinois,170845,1,1,1,1,0,1,1,89,KANE (89),3300,GENEVA,9,September,28,28,4,Wednesday,2022,18,6:00pm-6:59pm,48,48,SR-38,NA,3,State Highway,2,Urban,3,Principal Arterial - Other,1,State Highway Agency,1,This section IS ON the NHS,0,No Special Jurisdiction,98,98,41.88697222,41.88697222,-88.29135833,-88.29135833,8,Pedestrian,0,The First Harmful Event was Not a Collision with a Motor Vehicle in Transport,0,No,1,Non-Junction,1,Not an Intersection,1,On Roadway,0,None,1,Daylight,1,Clear,0,No,0000000,Not Applicable,18,6:00pm-6:59pm,49,49,18,6:00pm-6:59pm,50,50,99,Unknown,99,Unknown EMS Hospital Arrival Time,1
17,Illinois,170846,0,0,1,1,0,1,1,51,FAYETTE (51),0,NOT APPLICABLE,9,September,17,17,7,Saturday,2022,21,9:00pm-9:59pm,38,38,US-51,NA,2,US Highway,1,Rural,3,Principal Arterial - Other,1,State Highway Agency,1,This section IS ON the NHS,0,No Special Jurisdiction,122,122,39.04751389,39.04751389,-89.08822778,-89.08822778,35,Embankment,0,The First Harmful Event was Not a Collision with a Motor Vehicle in Transport,0,No,1,Non-Junction,1,Not an Intersection,4,On Roadside,0,None,6,Dark - Unknown Lighting,1,Clear,0,No,0000000,Not Applicable,21,9:00pm-9:59pm,38,38,22,10:00pm-10:59pm,57,57,88,Not Applicable (Not Transported),88,Not Applicable (Not Transported),1
17,Illinois,170847,0,0,1,1,0,3,3,195,WHITESIDE (195),0,NOT APPLICABLE,9,September,24,24,7,Saturday,2022,23,11:00pm-11:59pm,7,7,CR-3,NA,4,County Road,1,Rural,5,Major Collector,3,Town or Township Highway Agency,0,This section IS NOT on the NHS,0,No Special Jurisdiction,99998,Not Reported,41.71076111,41.71076111,-89.81521111,-89.81521111,53,Mail Box,0,The First Harmful Event was Not a Collision with a Motor Vehicle in Transport,0,No,1,Non-Junction,1,Not an Intersection,4,On Roadside,0,None,6,Dark - Unknown Lighting,1,Clear,0,No,0000000,Not Applicable,23,11:00pm-11:59pm,12,12,21,9:00pm-9:59pm,29,29,88,Not Applicable (Not Transported),88,Not Applicable (Not Transported),3
17,Illinois,170848,0,0,1,1,0,1,1,99,LASALLE (99),7865,SENECA,9,September,23,23,6,Friday,2022,17,5:00pm-5:59pm,0,0,US-6,NA,2,US Highway,1,Rural,4,Minor Arterial,1,State Highway Agency,0,This section IS NOT on the NHS,0,No Special Jurisdiction,295,295,41.32687222,41.32687222,-88.59802778,-88.59802778,42,Tree (Standing Only),0,The First Harmful Event was Not a Collision with a Motor Vehicle in Transport,0,No,1,Non-Junction,1,Not an Intersection,4,On Roadside,0,None,1,Daylight,1,Clear,0,No,0000000,Not Applicable,99,Unknown,99,Unknown,99,Unknown EMS Scene Arrival Hour,99,Unknown EMS Scene Arrival Minutes,88,Not Applicable (Not Transported),88,Not Applicable (Not Transported),1
17,Illinois,170849,0,0,1,1,0,1,1,99,LASALLE (99),0,NOT APPLICABLE,9,September,25,25,1,Sunday,2022,7,7:00am-7:59am,10,10,2850TH,NA,5,Local Street - Township,1,Rural,7,Local,3,Town or Township Highway Agency,0,This section IS NOT on the NHS,0,No Special Jurisdiction,99998,Not Reported,41.28584167,41.28584167,-88.62503056,-88.62503056,1,Rollover/Overturn,0,The First Harmful Event was Not a Collision with a Motor Vehicle in Transport,0,No,1,Non-Junction,1,Not an Intersection,4,On Roadside,0,None,9,Reported as Unknown,99,Reported as Unknown,0,No,0000000,Not Applicable,99,Unknown,99,Unknown,99,Unknown EMS Scene Arrival Hour,99,Unknown EMS Scene Arrival Minutes,88,Not Applicable (Not Transported),88,Not Applicable (Not Transported),1
17,Illinois,170850,0,0,1,1,0,1,1,1,ADAMS (1),0,NOT APPLICABLE,9,September,27,27,3,Tuesday,2022,15,3:00pm-3:59pm,42,42,STATE ST,NA,5,Local Street - Township,1,Rural,5,Major Collector,3,Town or Township Highway Agency,0,This section IS NOT on the NHS,0,No Special Jurisdiction,19,19,39.92440278,39.92440278,-91.30372222,-91.30372222,42,Tree (Standing Only),0,The First Harmful Event was Not a Collision with a Motor Vehicle in Transport,0,No,1,Non-Junction,1,Not an Intersection,5,Outside Trafficway,0,None,1,Daylight,1,Clear,0,No,0000000,Not Applicable,15,3:00pm-3:59pm,44,44,15,3:00pm-3:59pm,50,50,99,Unknown,99,Unknown EMS Hospital Arrival Time,1
17,Illinois,170851,0,0,1,1,0,2,2,89,KANE (89),2690,ELGIN,10,October,1,1,7,Saturday,2022,14,2:00pm-2:59pm,48,48,SR-31,WING ST,3,State Highway,2,Urban,4,Minor Arterial,1,State Highway Agency,0,This section IS NOT on the NHS,0,No Special Jurisdiction,279,279,42.04514167,42.04514167,-88.29344722,-88.29344722,33,Curb,0,The First Harmful Event was Not a Collision with a Motor Vehicle in Transport,0,No,3,Intersection-Related,2,Four-Way Intersection,12,Pedestrian Refuge Island or Traffic Island,0,None,1,Daylight,1,Clear,0,No,0000000,Not Applicable,14,2:00pm-2:59pm,48,48,14,2:00pm-2:59pm,54,54,99,Unknown,99,Unknown EMS Hospital Arrival Time,1
17,Illinois,170852,1,1,1,1,0,1,1,63,GRUNDY (63),0,NOT APPLICABLE,10,October,1,1,7,Saturday,2022,0,0:00am-0:59am,14,14,CR-29,NA,4,County Road,2,Urban,4,Minor Arterial,3,Town or Township Highway Agency,0,This section IS NOT on the NHS,0,No Special Jurisdiction,99998,Not Reported,41.34656389,41.34656389,-88.25510278,-88.25510278,8,Pedestrian,0,The First Harmful Event was Not a Collision with a Motor Vehicle in Transport,0,No,1,Non-Junction,1,Not an Intersection,1,On Roadway,0,None,6,Dark - Unknown Lighting,5,"Fog, Smog, Smoke",0,No,0000000,Not Applicable,99,Unknown,99,Unknown,99,Unknown EMS Scene Arrival Hour,99,Unknown EMS Scene Arrival Minutes,99,Unknown,99,Unknown EMS Hospital Arrival Time,1
17,Illinois,170853,0,0,2,2,0,3,3,43,DUPAGE (43),1207,BURR RIDGE,9,September,20,20,3,Tuesday,2022,13,1:00pm-1:59pm,40,40,SR-83,NA,3,State Highway,2,Urban,3,Principal Arterial - Other,1,State Highway Agency,0,This section IS NOT on the NHS,0,No Special Jurisdiction,193,193,41.71801944,41.71801944,-87.944375,-87.944375,12,Motor Vehicle In-Transport,6,Angle,0,No,4,Driveway Access,1,Not an Intersection,1,On Roadway,0,None,1,Daylight,1,Clear,0,No,0000000,Not Applicable,13,1:00pm-1:59pm,40,40,13,1:00pm-1:59pm,43,43,99,Unknown,99,Unknown EMS Hospital Arrival Time,1
17,Illinois,170854,0,0,3,3,0,4,4,201,WINNEBAGO (201),7460,ROCKFORD,9,September,5,5,2,Monday,2022,13,1:00pm-1:59pm,30,30,US-20,WINNEBAGO ST,2,US Highway,2,Urban,3,Principal Arterial - Other,1,State Highway Agency,1,This section IS ON the NHS,0,No Special Jurisdiction,185,185,42.28121389,42.28121389,-89.24168611,-89.24168611,12,Motor Vehicle In-Transport,6,Angle,0,No,2,Intersection,2,Four-Way Intersection,1,On Roadway,0,None,1,Daylight,1,Clear,0,No,0000000,Not Applicable,13,1:00pm-1:59pm,36,36,13,1:00pm-1:59pm,52,52,99,Unknown,99,Unknown EMS Hospital Arrival Time,1
17,Illinois,170855,0,0,4,4,0,6,6,167,SANGAMON (167),8220,SPRINGFIELD,9,September,29,29,5,Thursday,2022,8,8:00am-8:59am,0,0,SR-29,SR-4,3,State Highway,2,Urban,3,Principal Arterial - Other,1,State Highway Agency,1,This section IS ON the NHS,0,No Special Jurisdiction,100,100,39.84544167,39.84544167,-89.63294444,-89.63294444,12,Motor Vehicle In-Transport,6,Angle,0,No,2,Intersection,2,Four-Way Intersection,1,On Roadway,1,Construction,1,Daylight,1,Clear,0,No,0000000,Not Applicable,8,8:00am-8:59am,4,4,8,8:00am-8:59am,10,10,99,Unknown,99,Unknown EMS Hospital Arrival Time,1
17,Illinois,170856,0,0,2,2,0,2,2,91,KANKAKEE (91),0,NOT APPLICABLE,9,September,30,30,6,Friday,2022,21,9:00pm-9:59pm,31,31,SR-17,CR-13,3,State Highway,1,Rural,5,Major Collector,1,State Highway Agency,0,This section IS NOT on the NHS,0,No Special Jurisdiction,2072,2072,41.23008333,41.23008333,-87.56712222,-87.56712222,12,Motor Vehicle In-Transport,6,Angle,0,No,2,Intersection,2,Four-Way Intersection,1,On Roadway,0,None,6,Dark - Unknown Lighting,1,Clear,0,No,0000000,Not Applicable,21,9:00pm-9:59pm,48,48,21,9:00pm-9:59pm,48,48,99,Unknown,99,Unknown EMS Hospital Arrival Time,1
17,Illinois,170857,1,1,2,2,0,3,3,31,COOK (31),280,ARLINGTON HEIGHTS,9,September,29,29,5,Thursday,2022,7,7:00am-7:59am,22,22,LAKE COOK RD,WILKE,5,Local Street - Township,2,Urban,3,Principal Arterial - Other,3,Town or Township Highway Agency,1,This section IS ON the NHS,0,No Special Jurisdiction,99998,Not Reported,42.15360278,42.15360278,-88.00446111,-88.00446111,12,Motor Vehicle In-Transport,6,Angle,0,No,2,Intersection,2,Four-Way Intersection,1,On Roadway,0,None,1,Daylight,1,Clear,0,No,0000000,Not Applicable,99,Unknown,99,Unknown,99,Unknown EMS Scene Arrival Hour,99,Unknown EMS Scene Arrival Minutes,99,Unknown,99,Unknown EMS Hospital Arrival Time,1
17,Illinois,170858,0,0,1,1,0,1,1,163,ST. CLAIR (163),5340,MASCOUTAH,9,September,15,15,5,Thursday,2022,22,10:00pm-10:59pm,46,46,EMIG RD,NA,5,Local Street - Township,1,Rural,7,Local,3,Town or Township Highway Agency,0,This section IS NOT on the NHS,0,No Special Jurisdiction,99998,Not Reported,38.53206944,38.53206944,-89.761,-89.761,10,Railway Vehicle,0,The First Harmful Event was Not a Collision with a Motor Vehicle in Transport,0,No,6,Railway Grade Crossing,1,Not an Intersection,1,On Roadway,0,None,6,Dark - Unknown Lighting,1,Clear,0,No,724613E,724613E,22,10:00pm-10:59pm,49,49,22,10:00pm-10:59pm,59,59,99,Unknown,99,Unknown EMS Hospital Arrival Time,1
17,Illinois,170859,1,1,1,1,0,1,1,31,COOK (31),1185,BURBANK,9,September,12,12,2,Monday,2022,14,2:00pm-2:59pm,28,28,SR-50,NA,3,State Highway,2,Urban,3,Principal Arterial - Other,1,State Highway Agency,1,This section IS ON the NHS,0,No Special Jurisdiction,246,246,41.7332,41.7332,-87.74119444,-87.74119444,8,Pedestrian,0,The First Harmful Event was Not a Collision with a Motor Vehicle in Transport,0,No,1,Non-Junction,1,Not an Intersection,1,On Roadway,0,None,1,Daylight,1,Clear,0,No,0000000,Not Applicable,14,2:00pm-2:59pm,28,28,99,Unknown EMS Scene Arrival Hour,99,Unknown EMS Scene Arrival Minutes,99,Unknown,99,Unknown EMS Hospital Arrival Time,1
17,Illinois,170860,0,0,2,2,0,4,4,167,SANGAMON (167),7420,ROCHESTER,9,September,24,24,7,Saturday,2022,16,4:00pm-4:59pm,10,10,SR-29,MAXHEIMER RD,3,State Highway,2,Urban,3,Principal Arterial - Other,1,State Highway Agency,1,This section IS ON the NHS,0,No Special Jurisdiction,8,8,39.738325,39.738325,-89.51739167,-89.51739167,12,Motor Vehicle In-Transport,6,Angle,0,No,2,Intersection,2,Four-Way Intersection,1,On Roadway,0,None,1,Daylight,1,Clear,0,No,0000000,Not Applicable,99,Unknown,99,Unknown,99,Unknown EMS Scene Arrival Hour,99,Unknown EMS Scene Arrival Minutes,99,Unknown,99,Unknown EMS Hospital Arrival Time,1
17,Illinois,170861,1,1,1,1,0,1,1,31,COOK (31),1670,CHICAGO,10,October,3,3,2,Monday,2022,13,1:00pm-1:59pm,33,33,PULASKI RD,NA,8,Other,2,Urban,4,Minor Arterial,1,State Highway Agency,0,This section IS NOT on the NHS,0,No Special Jurisdiction,99998,Not Reported,41.96435833,41.96435833,-87.72792222,-87.72792222,8,Pedestrian,0,The First Harmful Event was Not a Collision with a Motor Vehicle in Transport,0,No,1,Non-Junction,1,Not an Intersection,1,On Roadway,0,None,1,Daylight,1,Clear,0,No,0000000,Not Applicable,13,1:00pm-1:59pm,35,35,13,1:00pm-1:59pm,45,45,88,Not Applicable (Not Transported),88,Not Applicable (Not Transported),1
17,Illinois,170862,0,0,1,1,0,1,1,163,ST. CLAIR (163),670,BELLEVILLE,10,October,3,3,2,Monday,2022,19,7:00pm-7:59pm,20,20,CLEVELAND AVE,NA,6,Local Street - Municipality,2,Urban,6,Minor Collector,4,City or Municipal Highway Agency,0,This section IS NOT on the NHS,0,No Special Jurisdiction,99998,Not Reported,38.504975,38.504975,-89.98829444,-89.98829444,24,Guardrail Face,0,The First Harmful Event was Not a Collision with a Motor Vehicle in Transport,0,No,1,Non-Junction,1,Not an Intersection,4,On Roadside,0,None,3,Dark - Lighted,1,Clear,0,No,0000000,Not Applicable,99,Unknown,99,Unknown,99,Unknown EMS Scene Arrival Hour,99,Unknown EMS Scene Arrival Minutes,99,Unknown,99,Unknown EMS Hospital Arrival Time,1
17,Illinois,170863,0,0,2,2,0,4,4,183,VERMILION (183),2220,DANVILLE,9,September,18,18,1,Sunday,2022,10,10:00am-10:59am,22,22,BOWMAN AVE,NA,6,Local Street - Municipality,2,Urban,4,Minor Arterial,4,City or Municipal Highway Agency,0,This section IS NOT on the NHS,0,No Special Jurisdiction,99998,Not Reported,40.13776389,40.13776389,-87.61176389,-87.61176389,12,Motor Vehicle In-Transport,6,Angle,0,No,1,Non-Junction,1,Not an Intersection,1,On Roadway,0,None,1,Daylight,1,Clear,0,No,0000000,Not Applicable,10,10:00am-10:59am,22,22,10,10:00am-10:59am,30,30,99,Unknown,99,Unknown EMS Hospital Arrival Time,1
17,Illinois,170864,0,0,4,4,0,5,5,31,COOK (31),5280,MARKHAM,9,September,30,30,6,Friday,2022,20,8:00pm-8:59pm,30,30,US-6,NA,2,US Highway,2,Urban,3,Principal Arterial - Other,1,State Highway Agency,1,This section IS ON the NHS,0,No Special Jurisdiction,1688,1688,41.60093889,41.60093889,-87.68112222,-87.68112222,12,Motor Vehicle In-Transport,6,Angle,0,No,1,Non-Junction,1,Not an Intersection,1,On Roadway,0,None,3,Dark - Lighted,1,Clear,0,No,0000000,Not Applicable,99,Unknown,99,Unknown,99,Unknown EMS Scene Arrival Hour,99,Unknown EMS Scene Arrival Minutes,99,Unknown,99,Unknown EMS Hospital Arrival Time,2
17,Illinois,170865,0,0,6,2,4,3,3,31,COOK (31),1670,CHICAGO,10,October,1,1,7,Saturday,2022,11,11:00am-11:59am,45,45,MADISON ST,HAMLIN AVE,6,Local Street - Municipality,2,Urban,4,Minor Arterial,4,City or Municipal Highway Agency,0,This section IS NOT on the NHS,0,No Special Jurisdiction,74,74,41.88079444,41.88079444,-87.72073056,-87.72073056,12,Motor Vehicle In-Transport,6,Angle,0,No,2,Intersection,2,Four-Way Intersection,1,On Roadway,0,None,1,Daylight,1,Clear,0,No,0000000,Not Applicable,99,Unknown,99,Unknown,11,11:00am-11:59am,47,47,99,Unknown,99,Unknown EMS Hospital Arrival Time,2
17,Illinois,170866,0,0,3,3,0,6,6,29,COLES (29),4065,HUMBOLDT,10,October,4,4,3,Tuesday,2022,14,2:00pm-2:59pm,45,45,US-45,NA,2,US Highway,1,Rural,4,Minor Arterial,1,State Highway Agency,0,This section IS NOT on the NHS,0,No Special Jurisdiction,44,44,39.589175,39.589175,-88.32648611,-88.32648611,12,Motor Vehicle In-Transport,7,Sideswipe - Same Direction,0,No,1,Non-Junction,1,Not an Intersection,1,On Roadway,0,None,1,Daylight,1,Clear,0,No,0000000,Not Applicable,99,Unknown,99,Unknown,99,Unknown EMS Scene Arrival Hour,99,Unknown EMS Scene Arrival Minutes,99,Unknown,99,Unknown EMS Hospital Arrival Time,1
17,Illinois,170867,0,0,3,3,0,3,3,31,COOK (31),0,NOT APPLICABLE,10,October,2,2,1,Sunday,2022,22,10:00pm-10:59pm,50,50,I-57,NA,1,Interstate,2,Urban,1,Interstate,1,State Highway Agency,1,This section IS ON the NHS,0,No Special Jurisdiction,3475,3475,41.59709444,41.59709444,-87.71525556,-87.71525556,12,Motor Vehicle In-Transport,1,Front-to-Rear,0,No,1,Non-Junction,1,Not an Intersection,1,On Roadway,0,None,3,Dark - Lighted,1,Clear,0,No,0000000,Not Applicable,22,10:00pm-10:59pm,55,55,23,11:00pm-11:59pm,0,0,99,Unknown,99,Unknown EMS Hospital Arrival Time,1
17,Illinois,170868,0,0,1,1,0,1,1,31,COOK (31),0,NOT APPLICABLE,10,October,1,1,7,Saturday,2022,1,1:00am-1:59am,0,0,SR-394,NA,3,State Highway,2,Urban,3,Principal Arterial - Other,1,State Highway Agency,1,This section IS ON the NHS,0,No Special Jurisdiction,70,70,41.47351389,41.47351389,-87.57715833,-87.57715833,24,Guardrail Face,0,The First Harmful Event was Not a Collision with a Motor Vehicle in Transport,0,No,1,Non-Junction,1,Not an Intersection,4,On Roadside,0,None,6,Dark - Unknown Lighting,5,"Fog, Smog, Smoke",0,No,0000000,Not Applicable,1,1:00am-1:59am,3,3,1,1:00am-1:59am,10,10,99,Unknown,99,Unknown EMS Hospital Arrival Time,1
17,Illinois,170869,0,0,1,1,0,2,2,31,COOK (31),1670,CHICAGO,10,October,3,3,2,Monday,2022,21,9:00pm-9:59pm,30,30,I-94,NA,1,Interstate,2,Urban,1,Interstate,1,State Highway Agency,1,This section IS ON the NHS,0,No Special Jurisdiction,542,542,41.84541389,41.84541389,-87.63505,-87.63505,16,Thrown or Falling Object,0,The First Harmful Event was Not a Collision with a Motor Vehicle in Transport,0,No,1,Non-Junction,1,Not an Intersection,1,On Roadway,0,None,3,Dark - Lighted,1,Clear,0,No,0000000,Not Applicable,21,9:00pm-9:59pm,42,42,21,9:00pm-9:59pm,51,51,88,Not Applicable (Not Transported),88,Not Applicable (Not Transported),1
17,Illinois,170870,0,0,1,1,0,1,1,163,ST. CLAIR (163),670,BELLEVILLE,10,October,8,8,7,Saturday,2022,5,5:00am-5:59am,42,42,SR-15,NA,3,State Highway,2,Urban,3,Principal Arterial - Other,1,State Highway Agency,1,This section IS ON the NHS,0,No Special Jurisdiction,74,74,38.55106667,38.55106667,-90.07133889,-90.07133889,1,Rollover/Overturn,0,The First Harmful Event was Not a Collision with a Motor Vehicle in Transport,0,No,1,Non-Junction,1,Not an Intersection,4,On Roadside,0,None,6,Dark - Unknown Lighting,1,Clear,0,No,0000000,Not Applicable,5,5:00am-5:59am,42,42,5,5:00am-5:59am,50,50,88,Not Applicable (Not Transported),88,Not Applicable (Not Transported),1
17,Illinois,170871,0,0,1,1,0,1,1,195,WHITESIDE (195),0,NOT APPLICABLE,10,October,1,1,7,Saturday,2022,14,2:00pm-2:59pm,42,42,MOLINE RD,NA,8,Other,1,Rural,5,Major Collector,1,State Highway Agency,0,This section IS NOT on the NHS,0,No Special Jurisdiction,99998,Not Reported,41.70123056,41.70123056,-89.97846389,-89.97846389,32,Culvert,0,The First Harmful Event was Not a Collision with a Motor Vehicle in Transport,0,No,1,Non-Junction,1,Not an Intersection,4,On Roadside,0,None,1,Daylight,1,Clear,0,No,0000000,Not Applicable,14,2:00pm-2:59pm,45,45,15,3:00pm-3:59pm,0,0,99,Unknown,99,Unknown EMS Hospital Arrival Time,1
17,Illinois,170872,0,0,1,1,0,1,1,31,COOK (31),1670,CHICAGO,10,October,14,14,6,Friday,2022,0,0:00am-0:59am,20,20,76TH ST,NA,9,Unknown,2,Urban,5,Major Collector,1,State Highway Agency,0,This section IS NOT on the NHS,0,No Special Jurisdiction,99998,Not Reported,41.75628889,41.75628889,-87.63375556,-87.63375556,42,Tree (Standing Only),0,The First Harmful Event was Not a Collision with a Motor Vehicle in Transport,0,No,1,Non-Junction,1,Not an Intersection,4,On Roadside,0,None,3,Dark - Lighted,1,Clear,0,No,0000000,Not Applicable,99,Unknown,99,Unknown,0,0:00am-0:59am,22,22,88,Not Applicable (Not Transported),88,Not Applicable (Not Transported),1
17,Illinois,170873,0,0,1,1,0,1,1,43,DUPAGE (43),20,ADDISON,10,October,14,14,6,Friday,2022,23,11:00pm-11:59pm,59,59,LALONDE AVE,NA,6,Local Street - Municipality,2,Urban,7,Local,4,City or Municipal Highway Agency,0,This section IS NOT on the NHS,0,No Special Jurisdiction,99998,Not Reported,41.92615833,41.92615833,-88.00697222,-88.00697222,1,Rollover/Overturn,0,The First Harmful Event was Not a Collision with a Motor Vehicle in Transport,0,No,1,Non-Junction,1,Not an Intersection,4,On Roadside,0,None,3,Dark - Lighted,2,Rain,0,No,0000000,Not Applicable,99,Unknown,99,Unknown,99,Unknown EMS Scene Arrival Hour,99,Unknown EMS Scene Arrival Minutes,88,Not Applicable (Not Transported),88,Not Applicable (Not Transported),1
17,Illinois,170874,0,0,1,1,0,1,1,113,MCLEAN (113),6230,NORMAL,10,October,8,8,7,Saturday,2022,16,4:00pm-4:59pm,45,45,US-51,NA,2,US Highway,2,Urban,3,Principal Arterial - Other,1,State Highway Agency,1,This section IS ON the NHS,0,No Special Jurisdiction,8,8,40.55257778,40.55257778,-88.99710278,-88.99710278,1,Rollover/Overturn,0,The First Harmful Event was Not a Collision with a Motor Vehicle in Transport,0,No,1,Non-Junction,1,Not an Intersection,4,On Roadside,0,None,1,Daylight,1,Clear,0,No,0000000,Not Applicable,16,4:00pm-4:59pm,46,46,16,4:00pm-4:59pm,50,50,88,Not Applicable (Not Transported),88,Not Applicable (Not Transported),1
17,Illinois,170875,0,0,1,1,0,1,1,143,PEORIA (143),0,NOT APPLICABLE,10,October,15,15,7,Saturday,2022,2,2:00am-2:59am,0,0,US-24,NA,2,US Highway,1,Rural,3,Principal Arterial - Other,1,State Highway Agency,1,This section IS ON the NHS,0,No Special Jurisdiction,27,27,40.55079722,40.55079722,-89.83095,-89.83095,42,Tree (Standing Only),0,The First Harmful Event was Not a Collision with a Motor Vehicle in Transport,0,No,1,Non-Junction,1,Not an Intersection,4,On Roadside,0,None,6,Dark - Unknown Lighting,1,Clear,0,No,0000000,Not Applicable,2,2:00am-2:59am,0,0,2,2:00am-2:59am,10,10,88,Not Applicable (Not Transported),88,Not Applicable (Not Transported),1
17,Illinois,170876,0,0,1,1,0,1,1,189,WASHINGTON (189),4210,IRVINGTON,10,October,15,15,7,Saturday,2022,1,1:00am-1:59am,17,17,SR-177,NA,3,State Highway,2,Urban,5,Major Collector,1,State Highway Agency,0,This section IS NOT on the NHS,0,No Special Jurisdiction,197,197,38.43876111,38.43876111,-89.16761389,-89.16761389,43,Other Fixed Object,0,The First Harmful Event was Not a Collision with a Motor Vehicle in Transport,0,No,1,Non-Junction,1,Not an Intersection,4,On Roadside,0,None,6,Dark - Unknown Lighting,1,Clear,0,No,0000000,Not Applicable,99,Unknown,99,Unknown,99,Unknown EMS Scene Arrival Hour,99,Unknown EMS Scene Arrival Minutes,88,Not Applicable (Not Transported),88,Not Applicable (Not Transported),1
17,Illinois,170877,1,1,1,1,0,1,1,111,MCHENRY (111),4625,LAKE IN THE HILLS,10,October,18,18,3,Tuesday,2022,21,9:00pm-9:59pm,30,30,ALGONQUIN RD,HILLTOP DR,5,Local Street - Township,2,Urban,3,Principal Arterial - Other,3,Town or Township Highway Agency,1,This section IS ON the NHS,0,No Special Jurisdiction,99998,Not Reported,42.17670556,42.17670556,-88.316325,-88.316325,8,Pedestrian,0,The First Harmful Event was Not a Collision with a Motor Vehicle in Transport,0,No,2,Intersection,2,Four-Way Intersection,1,On Roadway,0,None,3,Dark - Lighted,1,Clear,0,No,0000000,Not Applicable,21,9:00pm-9:59pm,34,34,21,9:00pm-9:59pm,37,37,99,Unknown,99,Unknown EMS Hospital Arrival Time,1
17,Illinois,170878,0,0,1,1,0,1,1,183,VERMILION (183),0,NOT APPLICABLE,10,October,15,15,7,Saturday,2022,22,10:00pm-10:59pm,3,3,CR-23,NA,4,County Road,1,Rural,5,Major Collector,1,State Highway Agency,0,This section IS NOT on the NHS,0,No Special Jurisdiction,99998,Not Reported,39.95486944,39.95486944,-87.70451667,-87.70451667,30,Utility Pole/Light Support,0,The First Harmful Event was Not a Collision with a Motor Vehicle in Transport,0,No,1,Non-Junction,1,Not an Intersection,4,On Roadside,0,None,6,Dark - Unknown Lighting,1,Clear,0,No,0000000,Not Applicable,22,10:00pm-10:59pm,3,3,22,10:00pm-10:59pm,23,23,88,Not Applicable (Not Transported),88,Not Applicable (Not Transported),1
17,Illinois,170879,0,0,2,2,0,4,4,89,KANE (89),460,AURORA,10,October,1,1,7,Saturday,2022,10,10:00am-10:59am,1,1,GALENA BL,RUSSELL AVE,6,Local Street - Municipality,2,Urban,4,Minor Arterial,1,State Highway Agency,0,This section IS NOT on the NHS,0,No Special Jurisdiction,99998,Not Reported,41.76173889,41.76173889,-88.33299444,-88.33299444,12,Motor Vehicle In-Transport,6,Angle,0,No,2,Intersection,2,Four-Way Intersection,1,On Roadway,0,None,1,Daylight,1,Clear,0,No,0000000,Not Applicable,10,10:00am-10:59am,1,1,10,10:00am-10:59am,3,3,99,Unknown,99,Unknown EMS Hospital Arrival Time,2