STATE,STATENAME,ST_CASE,PEDS,PERNOTMVIT,VE_TOTAL,VE_FORMS,PVH_INVL,PERSONS,PERMVIT,COUNTY,COUNTYNAME,CITY,CITYNAME,MONTH,MONTHNAME,DAY,DAYNAME,DAY_WEEK,DAY_WEEKNAME,YEAR,HOUR,HOURNAME,MINUTE,MINUTENAME,TWAY_ID,TWAY_ID2,ROUTE,ROUTENAME,RUR_URB,RUR_URBNAME,FUNC_SYS,FUNC_SYSNAME,RD_OWNER,RD_OWNERNAME,NHS,NHSNAME,SP_JUR,SP_JURNAME,MILEPT,MILEPTNAME,LATITUDE,LATITUDENAME,LONGITUD,LONGITUDNAME,HARM_EV,HARM_EVNAME,MAN_COLL,MAN_COLLNAME,RELJCT1,RELJCT1NAME,RELJCT2,RELJCT2NAME,TYP_INT,TYP_INTNAME,REL_ROAD,REL_ROADNAME,WRK_ZONE,WRK_ZONENAME,LGT_COND,LGT_CONDNAME,WEATHER,WEATHERNAME,SCH_BUS,SCH_BUSNAME,RAIL,RAILNAME,NOT_HOUR,NOT_HOURNAME,NOT_MIN,NOT_MINNAME,ARR_HOUR,ARR_HOURNAME,ARR_MIN,ARR_MINNAME,HOSP_HR,HOSP_HRNAME,HOSP_MN,HOSP_MNNAME,FATALS
17,Illinois,170918,0,0,3,3,0,3,3,163,ST. CLAIR (163),8050,SMITHTON,9,September,15,15,5,Thursday,2022,5,5:00am-5:59am,48,48,CR-9,NA,4,County Road,1,Rural,5,Major Collector,3,Town or Township Highway Agency,0,This section IS NOT on the NHS,0,No Special Jurisdiction,84,84,38.35343333,38.35343333,-90.03592778,-90.03592778,12,Motor Vehicle In-Transport,6,Angle,0,No,1,Non-Junction,1,Not an Intersection,1,On Roadway,0,None,6,Dark - Unknown Lighting,5,"Fog, Smog, Smoke",0,No,0000000,Not Applicable,5,5:00am-5:59am,48,48,6,6:00am-6:59am,1,1,99,Unknown,99,Unknown EMS Hospital Arrival Time,1
17,Illinois,170919,0,0,3,3,0,6,6,91,KANKAKEE (91),5680,MOMENCE,10,October,12,12,4,Wednesday,2022,17,5:00pm-5:59pm,29,29,SR-17,NA,3,State Highway,1,Rural,5,Major Collector,1,State Highway Agency,0,This section IS NOT on the NHS,0,No Special Jurisdiction,18,18,41.23034167,41.23034167,-87.6065,-87.6065,12,Motor Vehicle In-Transport,2,Front-to-Front,0,No,1,Non-Junction,1,Not an Intersection,1,On Roadway,0,None,1,Daylight,10,Cloudy,0,No,0000000,Not Applicable,17,5:00pm-5:59pm,29,29,17,5:00pm-5:59pm,35,35,99,Unknown,99,Unknown EMS Hospital Arrival Time,1
17,Illinois,170920,0,0,3,3,0,3,3,157,RANDOLPH (157),0,NOT APPLICABLE,10,October,20,20,5,Thursday,2022,15,3:00pm-3:59pm,26,26,SR-150,NA,3,State Highway,1,Rural,3,Principal Arterial - Other,1,State Highway Agency,1,This section IS ON the NHS,0,No Special Jurisdiction,45,45,37.95053056,37.95053056,-89.76628889,-89.76628889,12,Motor Vehicle In-Transport,1,Front-to-Rear,0,No,1,Non-Junction,1,Not an Intersection,1,On Roadway,0,None,1,Daylight,1,Clear,0,No,0000000,Not Applicable,99,Unknown,99,Unknown,99,Unknown EMS Scene Arrival Hour,99,Unknown EMS Scene Arrival Minutes,99,Unknown,99,Unknown EMS Hospital Arrival Time,1
17,Illinois,170921,1,1,3,1,2,1,1,31,COOK (31),1670,CHICAGO,10,October,22,22,7,Saturday,2022,4,4:00am-4:59am,16,16,51ST ST,KEDZIE AVE,6,Local Street - Municipality,2,Urban,5,Major Collector,4,City or Municipal Highway Agency,0,This section IS NOT on the NHS,0,No Special Jurisdiction,99998,Not Reported,41.800825,41.800825,-87.70375556,-87.70375556,8,Pedestrian,0,The First Harmful Event was Not a Collision with a Motor Vehicle in Transport,0,No,3,Intersection-Related,2,Four-Way Intersection,1,On Roadway,0,None,3,Dark - Lighted,1,Clear,0,No,0000000,Not Applicable,99,Unknown,99,Unknown,4,4:00am-4:59am,21,21,99,Unknown,99,Unknown EMS Hospital Arrival Time,1
17,Illinois,170922,0,0,3,3,0,4,4,199,WILLIAMSON (199),0,NOT APPLICABLE,10,October,21,21,6,Friday,2022,15,3:00pm-3:59pm,43,43,SR-37,NA,3,State Highway,1,Rural,4,Minor Arterial,1,State Highway Agency,0,This section IS NOT on the NHS,0,No Special Jurisdiction,14,14,37.84157222,37.84157222,-88.93271389,-88.93271389,12,Motor Vehicle In-Transport,2,Front-to-Front,0,No,1,Non-Junction,1,Not an Intersection,1,On Roadway,0,None,1,Daylight,1,Clear,0,No,0000000,Not Applicable,15,3:00pm-3:59pm,43,43,15,3:00pm-3:59pm,55,55,99,Unknown,99,Unknown EMS Hospital Arrival Time,1
17,Illinois,170923,0,0,4,1,3,1,1,31,COOK (31),1670,CHICAGO,10,October,16,16,1,Sunday,2022,1,1:00am-1:59am,0,0,I-90,NA,1,Interstate,2,Urban,1,Interstate,1,State Highway Agency,1,This section IS ON the NHS,0,No Special Jurisdiction,489,489,41.90983889,41.90983889,-87.66463889,-87.66463889,34,Ditch,0,The First Harmful Event was Not a Collision with a Motor Vehicle in Transport,0,No,1,Non-Junction,1,Not an Intersection,4,On Roadside,0,None,3,Dark - Lighted,1,Clear,0,No,0000000,Not Applicable,1,1:00am-1:59am,2,2,1,1:00am-1:59am,5,5,99,Unknown,99,Unknown EMS Hospital Arrival Time,1
17,Illinois,170924,0,0,2,2,0,2,2,43,DUPAGE (43),830,BLOOMINGDALE,10,October,7,7,6,Friday,2022,19,7:00pm-7:59pm,45,45,SR-390,NA,3,State Highway,2,Urban,3,Principal Arterial - Other,1,State Highway Agency,1,This section IS ON the NHS,0,No Special Jurisdiction,14,14,41.9847,41.9847,-88.02101111,-88.02101111,12,Motor Vehicle In-Transport,1,Front-to-Rear,0,No,1,Non-Junction,1,Not an Intersection,1,On Roadway,0,None,3,Dark - Lighted,1,Clear,0,No,0000000,Not Applicable,19,7:00pm-7:59pm,47,47,19,7:00pm-7:59pm,50,50,99,Unknown,99,Unknown EMS Hospital Arrival Time,1
17,Illinois,170925,0,0,2,2,0,2,2,37,DEKALB (37),3310,GENOA,10,October,8,8,7,Saturday,2022,7,7:00am-7:59am,28,28,MELMS RD,STATE RD,5,Local Street - Township,1,Rural,7,Local,3,Town or Township Highway Agency,0,This section IS NOT on the NHS,0,No Special Jurisdiction,99998,Not Reported,42.138975,42.138975,-88.69569444,-88.69569444,12,Motor Vehicle In-Transport,6,Angle,0,No,2,Intersection,2,Four-Way Intersection,1,On Roadway,0,None,1,Daylight,1,Clear,0,No,0000000,Not Applicable,7,7:00am-7:59am,29,29,7,7:00am-7:59am,39,39,99,Unknown,99,Unknown EMS Hospital Arrival Time,1
17,Illinois,170926,0,0,3,1,2,1,1,167,SANGAMON (167),8220,SPRINGFIELD,10,October,26,26,4,Wednesday,2022,11,11:00am-11:59am,7,7,SR-97,NA,3,State Highway,2,Urban,3,Principal Arterial - Other,1,State Highway Agency,1,This section IS ON the NHS,0,No Special Jurisdiction,192,192,39.80405278,39.80405278,-89.65401667,-89.65401667,14,Parked Motor Vehicle,0,The First Harmful Event was Not a Collision with a Motor Vehicle in Transport,0,No,1,Non-Junction,1,Not an Intersection,5,Outside Trafficway,0,None,1,Daylight,1,Clear,0,No,0000000,Not Applicable,11,11:00am-11:59am,9,9,11,11:00am-11:59am,14,14,99,Unknown,99,Unknown EMS Hospital Arrival Time,1
17,Illinois,170927,0,0,1,1,0,2,2,37,DEKALB (37),0,NOT APPLICABLE,10,October,29,29,7,Saturday,2022,12,12:00pm-12:59pm,46,46,TWOMBLY RD,NA,5,Local Street - Township,2,Urban,7,Local,3,Town or Township Highway Agency,0,This section IS NOT on the NHS,0,No Special Jurisdiction,0,None,41.94990833,41.94990833,-88.93955556,-88.93955556,1,Rollover/Overturn,0,The First Harmful Event was Not a Collision with a Motor Vehicle in Transport,0,No,1,Non-Junction,1,Not an Intersection,4,On Roadside,0,None,1,Daylight,1,Clear,0,No,0000000,Not Applicable,12,12:00pm-12:59pm,46,46,12,12:00pm-12:59pm,55,55,99,Unknown,99,Unknown EMS Hospital Arrival Time,1
17,Illinois,170928,0,0,3,3,0,5,5,31,COOK (31),1670,CHICAGO,10,October,15,15,7,Saturday,2022,12,12:00pm-12:59pm,59,59,OGDEN RD,FAIRFIELD AVE,8,Other,2,Urban,5,Major Collector,1,State Highway Agency,0,This section IS NOT on the NHS,0,No Special Jurisdiction,99998,Not Reported,41.86180556,41.86180556,-87.69443056,-87.69443056,12,Motor Vehicle In-Transport,6,Angle,0,No,2,Intersection,2,Four-Way Intersection,1,On Roadway,0,None,1,Daylight,1,Clear,0,No,0000000,Not Applicable,99,Unknown,99,Unknown,99,Unknown EMS Scene Arrival Hour,99,Unknown EMS Scene Arrival Minutes,99,Unknown,99,Unknown EMS Hospital Arrival Time,1
17,Illinois,170929,0,0,2,2,0,3,3,103,LEE (103),0,NOT APPLICABLE,10,October,1,1,7,Saturday,2022,15,3:00pm-3:59pm,0,0,CR-12 MAYTOWN RD,LA MOILLE RD,4,County Road,1,Rural,5,Major Collector,2,County Highway Agency,0,This section IS NOT on the NHS,0,No Special Jurisdiction,0,None,41.62856944,41.62856944,-89.27656944,-89.27656944,12,Motor Vehicle In-Transport,6,Angle,0,No,2,Intersection,2,Four-Way Intersection,1,On Roadway,0,None,1,Daylight,1,Clear,0,No,0000000,Not Applicable,15,3:00pm-3:59pm,3,3,15,3:00pm-3:59pm,14,14,99,Unknown,99,Unknown EMS Hospital Arrival Time,2
17,Illinois,170930,0,0,1,1,0,1,1,181,UNION (181),0,NOT APPLICABLE,10,October,21,21,6,Friday,2022,22,10:00pm-10:59pm,27,27,SR-127,NA,3,State Highway,1,Rural,5,Major Collector,1,State Highway Agency,0,This section IS NOT on the NHS,0,No Special Jurisdiction,15,15,37.43169167,37.43169167,-89.27559444,-89.27559444,42,Tree (Standing Only),0,The First Harmful Event was Not a Collision with a Motor Vehicle in Transport,0,No,1,Non-Junction,1,Not an Intersection,4,On Roadside,0,None,6,Dark - Unknown Lighting,1,Clear,0,No,0000000,Not Applicable,22,10:00pm-10:59pm,30,30,22,10:00pm-10:59pm,38,38,88,Not Applicable (Not Transported),88,Not Applicable (Not Transported),1
17,Illinois,170931,0,0,1,1,0,1,1,1,ADAMS (1),4818,LIBERTY,10,October,24,24,2,Monday,2022,8,8:00am-8:59am,51,51,2250TH,NA,5,Local Street - Township,1,Rural,6,Minor Collector,3,Town or Township Highway Agency,0,This section IS NOT on the NHS,0,No Special Jurisdiction,99998,Not Reported,39.92563889,39.92563889,-91.07859444,-91.07859444,32,Culvert,0,The First Harmful Event was Not a Collision with a Motor Vehicle in Transport,0,No,1,Non-Junction,1,Not an Intersection,4,On Roadside,0,None,6,Dark - Unknown Lighting,99,Reported as Unknown,0,No,0000000,Not Applicable,8,8:00am-8:59am,54,54,9,9:00am-9:59am,2,2,88,Not Applicable (Not Transported),88,Not Applicable (Not Transported),1
17,Illinois,170932,1,1,1,1,0,2,2,31,COOK (31),1670,CHICAGO,10,October,27,27,5,Thursday,2022,12,12:00pm-12:59pm,30,30,SACRAMENTO AVE,ALLEY,6,Local Street - Municipality,2,Urban,7,Local,4,City or Municipal Highway Agency,0,This section IS NOT on the NHS,0,No Special Jurisdiction,99998,Not Reported,41.80878889,41.80878889,-87.69910833,-87.69910833,8,Pedestrian,0,The First Harmful Event was Not a Collision with a Motor Vehicle in Transport,0,No,3,Intersection-Related,10,L-Intersection,1,On Roadway,0,None,1,Daylight,1,Clear,0,No,0000000,Not Applicable,99,Unknown,99,Unknown,12,12:00pm-12:59pm,35,35,99,Unknown,99,Unknown EMS Hospital Arrival Time,1
17,Illinois,170933,0,0,1,1,0,1,1,49,EFFINGHAM (49),0,NOT APPLICABLE,10,October,21,21,6,Friday,2022,21,9:00pm-9:59pm,28,28,I-70,NA,1,Interstate,1,Rural,1,Interstate,1,State Highway Agency,1,This section IS ON the NHS,0,No Special Jurisdiction,1098,1098,39.169975,39.169975,-88.37456111,-88.37456111,1,Rollover/Overturn,0,The First Harmful Event was Not a Collision with a Motor Vehicle in Transport,0,No,1,Non-Junction,1,Not an Intersection,3,On Median,0,None,6,Dark - Unknown Lighting,1,Clear,0,No,0000000,Not Applicable,21,9:00pm-9:59pm,31,31,21,9:00pm-9:59pm,42,42,88,Not Applicable (Not Transported),88,Not Applicable (Not Transported),1
17,Illinois,170934,0,0,1,1,0,4,4,31,COOK (31),7278,RICHTON PARK,10,October,29,29,7,Saturday,2022,21,9:00pm-9:59pm,12,12,LAWNDALE AVE,NA,6,Local Street - Municipality,2,Urban,7,Local,4,City or Municipal Highway Agency,0,This section IS NOT on the NHS,0,No Special Jurisdiction,99998,Not Reported,41.48156389,41.48156389,-87.70561944,-87.70561944,42,Tree (Standing Only),0,The First Harmful Event was Not a Collision with a Motor Vehicle in Transport,0,No,1,Non-Junction,1,Not an Intersection,4,On Roadside,0,None,3,Dark - Lighted,1,Clear,0,No,0000000,Not Applicable,99,Unknown,99,Unknown,99,Unknown EMS Scene Arrival Hour,99,Unknown EMS Scene Arrival Minutes,99,Unknown,99,Unknown EMS Hospital Arrival Time,2
17,Illinois,170935,0,0,1,1,0,1,1,77,JACKSON (77),0,NOT APPLICABLE,10,October,24,24,2,Monday,2022,16,4:00pm-4:59pm,13,13,CR-7,NA,4,County Road,1,Rural,5,Major Collector,3,Town or Township Highway Agency,0,This section IS NOT on the NHS,0,No Special Jurisdiction,99998,Not Reported,37.93409444,37.93409444,-89.57731389,-89.57731389,35,Embankment,0,The First Harmful Event was Not a Collision with a Motor Vehicle in Transport,0,No,1,Non-Junction,1,Not an Intersection,4,On Roadside,0,None,1,Daylight,1,Clear,0,No,0000000,Not Applicable,16,4:00pm-4:59pm,16,16,17,5:00pm-5:59pm,20,20,88,Not Applicable (Not Transported),88,Not Applicable (Not Transported),1
17,Illinois,170936,0,0,1,1,0,1,1,179,TAZEWELL (179),0,NOT APPLICABLE,10,October,17,17,2,Monday,2022,11,11:00am-11:59am,45,45,WOODLEY RD,NA,5,Local Street - Township,1,Rural,7,Local,3,Town or Township Highway Agency,0,This section IS NOT on the NHS,0,No Special Jurisdiction,99998,Not Reported,40.50332778,40.50332778,-89.85695278,-89.85695278,1,Rollover/Overturn,0,The First Harmful Event was Not a Collision with a Motor Vehicle in Transport,0,No,1,Non-Junction,1,Not an Intersection,4,On Roadside,0,None,1,Daylight,1,Clear,0,No,0000000,Not Applicable,11,11:00am-11:59am,58,58,12,12:00pm-12:59pm,16,16,99,Unknown,99,Unknown EMS Hospital Arrival Time,1
17,Illinois,170937,0,0,1,1,0,1,1,31,COOK (31),1670,CHICAGO,10,October,20,20,5,Thursday,2022,18,6:00pm-6:59pm,33,33,119TH,NA,6,Local Street - Municipality,2,Urban,4,Minor Arterial,4,City or Municipal Highway Agency,0,This section IS NOT on the NHS,0,No Special Jurisdiction,99998,Not Reported,41.67745556,41.67745556,-87.66653333,-87.66653333,10,Railway Vehicle,0,The First Harmful Event was Not a Collision with a Motor Vehicle in Transport,0,No,6,Railway Grade Crossing,1,Not an Intersection,1,On Roadway,0,None,3,Dark - Lighted,1,Clear,0,No,608311K,608311K,16,4:00pm-4:59pm,33,33,16,4:00pm-4:59pm,49,49,88,Not Applicable (Not Transported),88,Not Applicable (Not Transported),1
17,Illinois,170938,1,1,1,1,0,1,1,31,COOK (31),0,NOT APPLICABLE,10,October,23,23,1,Sunday,2022,23,11:00pm-11:59pm,47,47,CRAWFORD AVE,NA,8,Other,2,Urban,4,Minor Arterial,1,State Highway Agency,0,This section IS NOT on the NHS,0,No Special Jurisdiction,99998,Not Reported,41.52573333,41.52573333,-87.71326944,-87.71326944,8,Pedestrian,0,The First Harmful Event was Not a Collision with a Motor Vehicle in Transport,0,No,1,Non-Junction,1,Not an Intersection,1,On Roadway,0,None,6,Dark - Unknown Lighting,1,Clear,0,No,0000000,Not Applicable,99,Unknown,99,Unknown,99,Unknown EMS Scene Arrival Hour,99,Unknown EMS Scene Arrival Minutes,88,Not Applicable (Not Transported),88,Not Applicable (Not Transported),1
17,Illinois,170939,0,0,1,1,0,1,1,31,COOK (31),0,NOT APPLICABLE,10,October,24,24,2,Monday,2022,9,9:00am-9:59am,42,42,I-90,NA,1,Interstate,2,Urban,1,Interstate,31,State Toll Road,1,This section IS ON the NHS,0,No Special Jurisdiction,710,710,42.03953333,42.03953333,-87.98118611,-87.98118611,24,Guardrail Face,0,The First Harmful Event was Not a Collision with a Motor Vehicle in Transport,0,No,1,Non-Junction,1,Not an Intersection,4,On Roadside,0,None,1,Daylight,1,Clear,0,No,0000000,Not Applicable,9,9:00am-9:59am,44,44,9,9:00am-9:59am,53,53,99,Unknown,99,Unknown EMS Hospital Arrival Time,1
17,Illinois,170940,1,1,2,1,1,1,1,7,BOONE (7),0,NOT APPLICABLE,10,October,24,24,2,Monday,2022,20,8:00pm-8:59pm,14,14,CR-15,NA,4,County Road,1,Rural,5,Major Collector,3,Town or Township Highway Agency,0,This section IS NOT on the NHS,0,No Special Jurisdiction,99998,Not Reported,42.21376389,42.21376389,-88.9309,-88.9309,14,Parked Motor Vehicle,0,The First Harmful Event was Not a Collision with a Motor Vehicle in Transport,0,No,1,Non-Junction,1,Not an Intersection,2,On Shoulder,0,None,6,Dark - Unknown Lighting,1,Clear,0,No,0000000,Not Applicable,20,8:00pm-8:59pm,20,20,20,8:00pm-8:59pm,41,41,88,Not Applicable (Not Transported),88,Not Applicable (Not Transported),1
17,Illinois,170941,0,0,2,2,0,3,3,119,MADISON (119),7073,PONTOON BEACH,10,October,24,24,2,Monday,2022,18,6:00pm-6:59pm,28,28,HORSESHOE LAKE RD,NA,8,Other,2,Urban,4,Minor Arterial,1,State Highway Agency,0,This section IS NOT on the NHS,0,No Special Jurisdiction,99998,Not Reported,38.70975833,38.70975833,-90.07605556,-90.07605556,12,Motor Vehicle In-Transport,2,Front-to-Front,0,No,1,Non-Junction,1,Not an Intersection,1,On Roadway,0,None,6,Dark - Unknown Lighting,2,Rain,0,No,0000000,Not Applicable,18,6:00pm-6:59pm,28,28,18,6:00pm-6:59pm,28,28,99,Unknown,99,Unknown EMS Hospital Arrival Time,1
17,Illinois,170942,0,0,2,2,0,2,2,1,ADAMS (1),2964,FALL CREEK,10,October,27,27,5,Thursday,2022,16,4:00pm-4:59pm,7,7,SR-57,NA,3,State Highway,1,Rural,3,Principal Arterial - Other,1,State Highway Agency,1,This section IS ON the NHS,0,No Special Jurisdiction,97,97,39.81362222,39.81362222,-91.33714722,-91.33714722,12,Motor Vehicle In-Transport,6,Angle,0,No,1,Non-Junction,1,Not an Intersection,1,On Roadway,0,None,1,Daylight,1,Clear,0,No,0000000,Not Applicable,16,4:00pm-4:59pm,12,12,16,4:00pm-4:59pm,28,28,88,Not Applicable (Not Transported),88,Not Applicable (Not Transported),1
17,Illinois,170943,0,0,2,2,0,4,4,113,MCLEAN (113),840,BLOOMINGTON,10,October,31,31,2,Monday,2022,8,8:00am-8:59am,41,41,I-55,NA,1,Interstate,2,Urban,3,Principal Arterial - Other,1,State Highway Agency,1,This section IS ON the NHS,0,No Special Jurisdiction,248,248,40.45921944,40.45921944,-88.99261389,-88.99261389,12,Motor Vehicle In-Transport,2,Front-to-Front,0,No,1,Non-Junction,1,Not an Intersection,1,On Roadway,0,None,1,Daylight,2,Rain,0,No,0000000,Not Applicable,8,8:00am-8:59am,45,45,8,8:00am-8:59am,48,48,99,Unknown,99,Unknown EMS Hospital Arrival Time,1
17,Illinois,170944,0,0,2,2,0,3,3,197,WILL (197),8763,UNIVERSITY PARK,10,October,23,23,1,Sunday,2022,19,7:00pm-7:59pm,10,10,UNIVERSITY PARKWAY,NA,6,Local Street - Municipality,2,Urban,4,Minor Arterial,4,City or Municipal Highway Agency,0,This section IS NOT on the NHS,0,No Special Jurisdiction,99998,Not Reported,41.44699722,41.44699722,-87.69047222,-87.69047222,12,Motor Vehicle In-Transport,2,Front-to-Front,0,No,1,Non-Junction,1,Not an Intersection,1,On Roadway,0,None,5,Dusk,1,Clear,0,No,0000000,Not Applicable,19,7:00pm-7:59pm,10,10,19,7:00pm-7:59pm,11,11,99,Unknown,99,Unknown EMS Hospital Arrival Time,1
17,Illinois,170945,0,0,2,2,0,5,5,89,KANE (89),0,NOT APPLICABLE,10,October,31,31,2,Monday,2022,15,3:00pm-3:59pm,48,48,CR-69,NA,4,County Road,2,Urban,5,Major Collector,3,Town or Township Highway Agency,0,This section IS NOT on the NHS,0,No Special Jurisdiction,99998,Not Reported,41.95373056,41.95373056,-88.43994722,-88.43994722,12,Motor Vehicle In-Transport,6,Angle,0,No,1,Non-Junction,1,Not an Intersection,1,On Roadway,0,None,1,Daylight,1,Clear,1,Yes,0000000,Not Applicable,15,3:00pm-3:59pm,49,49,15,3:00pm-3:59pm,54,54,99,Unknown,99,Unknown EMS Hospital Arrival Time,2
17,Illinois,170946,0,0,1,1,0,3,3,103,LEE (103),370,ASHTON,6,June,2,2,5,Thursday,2022,17,5:00pm-5:59pm,0,0,HOOSIER RD,NA,5,Local Street - Township,1,Rural,7,Local,3,Town or Township Highway Agency,0,This section IS NOT on the NHS,0,No Special Jurisdiction,99998,Not Reported,41.86901944,41.86901944,-89.27969722,-89.27969722,1,Rollover/Overturn,0,The First Harmful Event was Not a Collision with a Motor Vehicle in Transport,0,No,1,Non-Junction,1,Not an Intersection,4,On Roadside,0,None,1,Daylight,1,Clear,0,No,0000000,Not Applicable,17,5:00pm-5:59pm,18,18,17,5:00pm-5:59pm,28,28,99,Unknown,99,Unknown EMS Hospital Arrival Time,1
17,Illinois,170947,0,0,2,2,0,2,2,119,MADISON (119),3760,HARTFORD,9,September,29,29,5,Thursday,2022,7,7:00am-7:59am,50,50,SR-111,HAWTHORNE AVE,3,State Highway,2,Urban,4,Minor Arterial,1,State Highway Agency,0,This section IS NOT on the NHS,0,No Special Jurisdiction,0,None,38.83332778,38.83332778,-90.07168889,-90.07168889,12,Motor Vehicle In-Transport,6,Angle,0,No,2,Intersection,2,Four-Way Intersection,1,On Roadway,0,None,4,Dawn,1,Clear,0,No,0000000,Not Applicable,7,7:00am-7:59am,52,52,7,7:00am-7:59am,57,57,99,Unknown,99,Unknown EMS Hospital Arrival Time,1
17,Illinois,170948,0,0,6,6,0,7,7,31,COOK (31),9210,WESTERN SPRINGS,9,September,29,29,5,Thursday,2022,16,4:00pm-4:59pm,11,11,US-34,NA,2,US Highway,2,Urban,3,Principal Arterial - Other,1,State Highway Agency,1,This section IS ON the NHS,0,No Special Jurisdiction,14,14,41.81985556,41.81985556,-87.89138333,-87.89138333,12,Motor Vehicle In-Transport,6,Angle,0,No,1,Non-Junction,1,Not an Intersection,1,On Roadway,0,None,1,Daylight,1,Clear,0,No,0000000,Not Applicable,16,4:00pm-4:59pm,11,11,16,4:00pm-4:59pm,11,11,88,Not Applicable (Not Transported),88,Not Applicable (Not Transported),1
17,Illinois,170949,0,0,1,1,0,1,1,107,LOGAN (107),7760,SAN JOSE,10,October,3,3,2,Monday,2022,14,2:00pm-2:59pm,53,53,CR-000,NA,4,County Road,1,Rural,7,Local,3,Town or Township Highway Agency,0,This section IS NOT on the NHS,0,No Special Jurisdiction,99998,Not Reported,40.28343056,40.28343056,-89.60228611,-89.60228611,34,Ditch,0,The First Harmful Event was Not a Collision with a Motor Vehicle in Transport,0,No,1,Non-Junction,1,Not an Intersection,4,On Roadside,0,None,1,Daylight,1,Clear,0,No,0000000,Not Applicable,14,2:00pm-2:59pm,53,53,99,Unknown EMS Scene Arrival Hour,99,Unknown EMS Scene Arrival Minutes,88,Not Applicable (Not Transported),88,Not Applicable (Not Transported),1
17,Illinois,170950,0,0,2,2,0,3,3,119,MADISON (119),90,ALHAMBRA,10,October,5,5,4,Wednesday,2022,7,7:00am-7:59am,56,56,SR-4,SR-140,3,State Highway,1,Rural,3,Principal Arterial - Other,1,State Highway Agency,1,This section IS ON the NHS,0,No Special Jurisdiction,942,942,38.88870278,38.88870278,-89.80072222,-89.80072222,12,Motor Vehicle In-Transport,6,Angle,0,No,2,Intersection,2,Four-Way Intersection,1,On Roadway,0,None,1,Daylight,1,Clear,0,No,0000000,Not Applicable,7,7:00am-7:59am,56,56,8,8:00am-8:59am,12,12,88,Not Applicable (Not Transported),88,Not Applicable (Not Transported),2
17,Illinois,170951,1,1,1,1,0,1,1,31,COOK (31),2890,EVERGREEN PARK,10,October,23,23,1,Sunday,2022,18,6:00pm-6:59pm,46,46,KEDZIE,NA,8,Other,2,Urban,4,Minor Arterial,1,State Highway Agency,0,This section IS NOT on the NHS,0,No Special Jurisdiction,99998,Not Reported,41.71682222,41.71682222,-87.70170278,-87.70170278,8,Pedestrian,0,The First Harmful Event was Not a Collision with a Motor Vehicle in Transport,0,No,1,Non-Junction,1,Not an Intersection,1,On Roadway,0,None,6,Dark - Unknown Lighting,1,Clear,0,No,0000000,Not Applicable,18,6:00pm-6:59pm,46,46,99,Unknown EMS Scene Arrival Hour,99,Unknown EMS Scene Arrival Minutes,99,Unknown,99,Unknown EMS Hospital Arrival Time,1
17,Illinois,170952,0,0,1,1,0,1,1,3,ALEXANDER (3),1250,CAIRO,10,October,25,25,3,Tuesday,2022,16,4:00pm-4:59pm,52,52,I-57 NB TO US-51,NA,1,Interstate,1,Rural,1,Interstate,1,State Highway Agency,1,This section IS ON the NHS,0,No Special Jurisdiction,99998,Not Reported,37.04467778,37.04467778,-89.20012222,-89.20012222,1,Rollover/Overturn,0,The First Harmful Event was Not a Collision with a Motor Vehicle in Transport,1,Yes,5,Entrance/Exit Ramp Related,1,Not an Intersection,4,On Roadside,0,None,1,Daylight,1,Clear,0,No,0000000,Not Applicable,16,4:00pm-4:59pm,52,52,16,4:00pm-4:59pm,59,59,88,Not Applicable (Not Transported),88,Not Applicable (Not Transported),1
17,Illinois,170953,0,0,1,1,0,1,1,105,LIVINGSTON (105),6440,ODELL,10,October,4,4,3,Tuesday,2022,6,6:00am-6:59am,9,9,CR-1,NA,4,County Road,1,Rural,5,Major Collector,3,Town or Township Highway Agency,0,This section IS NOT on the NHS,0,No Special Jurisdiction,99998,Not Reported,41.00542222,41.00542222,-88.56104167,-88.56104167,23,Bridge Rail (Includes parapet),0,The First Harmful Event was Not a Collision with a Motor Vehicle in Transport,0,No,1,Non-Junction,1,Not an Intersection,4,On Roadside,0,None,9,Reported as Unknown,1,Clear,0,No,0000000,Not Applicable,5,5:00am-5:59am,30,30,5,5:00am-5:59am,44,44,88,Not Applicable (Not Transported),88,Not Applicable (Not Transported),1
17,Illinois,170954,0,1,2,1,1,3,2,35,CUMBERLAND (35),0,NOT APPLICABLE,10,October,14,14,6,Friday,2022,4,4:00am-4:59am,46,46,I-70,NA,1,Interstate,1,Rural,1,Interstate,1,State Highway Agency,1,This section IS ON the NHS,0,No Special Jurisdiction,17,17,39.18553611,39.18553611,-88.34135,-88.34135,14,Parked Motor Vehicle,0,The First Harmful Event was Not a Collision with a Motor Vehicle in Transport,0,No,1,Non-Junction,1,Not an Intersection,2,On Shoulder,0,None,6,Dark - Unknown Lighting,1,Clear,0,No,0000000,Not Applicable,4,4:00am-4:59am,46,46,5,5:00am-5:59am,0,0,99,Unknown,99,Unknown EMS Hospital Arrival Time,1
17,Illinois,170955,0,2,2,1,1,3,1,199,WILLIAMSON (199),0,NOT APPLICABLE,10,October,20,20,5,Thursday,2022,6,6:00am-6:59am,58,58,I-57,NA,1,Interstate,1,Rural,1,Interstate,1,State Highway Agency,1,This section IS ON the NHS,0,No Special Jurisdiction,22,22,37.62615278,37.62615278,-88.98454444,-88.98454444,14,Parked Motor Vehicle,0,The First Harmful Event was Not a Collision with a Motor Vehicle in Transport,0,No,1,Non-Junction,1,Not an Intersection,2,On Shoulder,0,None,1,Daylight,1,Clear,0,No,0000000,Not Applicable,7,7:00am-7:59am,0,0,7,7:00am-7:59am,5,5,99,Unknown,99,Unknown EMS Hospital Arrival Time,1