STATE,STATENAME,ST_CASE,PEDS,PERNOTMVIT,VE_TOTAL,VE_FORMS,PVH_INVL,PERSONS,PERMVIT,COUNTY,COUNTYNAME,CITY,CITYNAME,MONTH,MONTHNAME,DAY,DAYNAME,DAY_WEEK,DAY_WEEKNAME,YEAR,HOUR,HOURNAME,MINUTE,MINUTENAME,TWAY_ID,TWAY_ID2,ROUTE,ROUTENAME,RUR_URB,RUR_URBNAME,FUNC_SYS,FUNC_SYSNAME,RD_OWNER,RD_OWNERNAME,NHS,NHSNAME,SP_JUR,SP_JURNAME,MILEPT,MILEPTNAME,LATITUDE,LATITUDENAME,LONGITUD,LONGITUDNAME,HARM_EV,HARM_EVNAME,MAN_COLL,MAN_COLLNAME,RELJCT1,RELJCT1NAME,RELJCT2,RELJCT2NAME,TYP_INT,TYP_INTNAME,REL_ROAD,REL_ROADNAME,WRK_ZONE,WRK_ZONENAME,LGT_COND,LGT_CONDNAME,WEATHER,WEATHERNAME,SCH_BUS,SCH_BUSNAME,RAIL,RAILNAME,NOT_HOUR,NOT_HOURNAME,NOT_MIN,NOT_MINNAME,ARR_HOUR,ARR_HOURNAME,ARR_MIN,ARR_MINNAME,HOSP_HR,HOSP_HRNAME,HOSP_MN,HOSP_MNNAME,FATALS
17,Illinois,170992,0,0,2,2,0,6,6,95,KNOX (95),3260,GALESBURG,11,November,3,3,5,Thursday,2022,19,7:00pm-7:59pm,5,5,US-34,NA,2,US Highway,2,Urban,2,Principal Arterial - Other Freeways and Expressways,1,State Highway Agency,1,This section IS ON the NHS,0,No Special Jurisdiction,469,469,40.98399722,40.98399722,-90.35938889,-90.35938889,12,Motor Vehicle In-Transport,2,Front-to-Front,0,No,1,Non-Junction,1,Not an Intersection,1,On Roadway,0,None,6,Dark - Unknown Lighting,1,Clear,0,No,0000000,Not Applicable,19,7:00pm-7:59pm,5,5,19,7:00pm-7:59pm,10,10,99,Unknown,99,Unknown EMS Hospital Arrival Time,1
17,Illinois,170993,0,0,2,2,0,2,2,31,COOK (31),1670,CHICAGO,11,November,10,10,5,Thursday,2022,2,2:00am-2:59am,35,35,COTTAGE GROVE AVE,46TH ST,6,Local Street - Municipality,2,Urban,4,Minor Arterial,4,City or Municipal Highway Agency,0,This section IS NOT on the NHS,0,No Special Jurisdiction,99998,Not Reported,41.81136944,41.81136944,-87.60658611,-87.60658611,12,Motor Vehicle In-Transport,6,Angle,0,No,3,Intersection-Related,2,Four-Way Intersection,1,On Roadway,0,None,3,Dark - Lighted,1,Clear,0,No,0000000,Not Applicable,2,2:00am-2:59am,35,35,2,2:00am-2:59am,36,36,99,Unknown,99,Unknown EMS Hospital Arrival Time,1
17,Illinois,170994,0,0,2,2,0,6,6,31,COOK (31),1670,CHICAGO,9,September,14,14,4,Wednesday,2022,17,5:00pm-5:59pm,48,48,HAMLIN AVE,59TH PL,6,Local Street - Municipality,2,Urban,7,Local,4,City or Municipal Highway Agency,0,This section IS NOT on the NHS,0,No Special Jurisdiction,99998,Not Reported,41.78511944,41.78511944,-87.71802778,-87.71802778,12,Motor Vehicle In-Transport,6,Angle,0,No,2,Intersection,2,Four-Way Intersection,1,On Roadway,0,None,1,Daylight,1,Clear,0,No,0000000,Not Applicable,17,5:00pm-5:59pm,48,48,17,5:00pm-5:59pm,58,58,88,Not Applicable (Not Transported),88,Not Applicable (Not Transported),1
17,Illinois,170995,0,0,3,3,0,6,6,163,ST. CLAIR (163),3200,FREEBURG,9,September,3,3,7,Saturday,2022,16,4:00pm-4:59pm,18,18,CR-47,NA,4,County Road,2,Urban,4,Minor Arterial,3,Town or Township Highway Agency,0,This section IS NOT on the NHS,0,No Special Jurisdiction,17,17,38.42472222,38.42472222,-89.93403056,-89.93403056,12,Motor Vehicle In-Transport,6,Angle,0,No,1,Non-Junction,1,Not an Intersection,1,On Roadway,0,None,1,Daylight,1,Clear,0,No,0000000,Not Applicable,99,Unknown,99,Unknown,99,Unknown EMS Scene Arrival Hour,99,Unknown EMS Scene Arrival Minutes,99,Unknown,99,Unknown EMS Hospital Arrival Time,1
17,Illinois,170996,0,0,2,2,0,3,3,161,ROCK ISLAND (161),2580,EAST MOLINE,10,October,2,2,1,Sunday,2022,0,0:00am-0:59am,47,47,KENNEDY DR,NA,6,Local Street - Municipality,2,Urban,4,Minor Arterial,4,City or Municipal Highway Agency,0,This section IS NOT on the NHS,0,No Special Jurisdiction,99998,Not Reported,41.51073611,41.51073611,-90.45237222,-90.45237222,12,Motor Vehicle In-Transport,2,Front-to-Front,0,No,1,Non-Junction,1,Not an Intersection,1,On Roadway,0,None,3,Dark - Lighted,1,Clear,0,No,0000000,Not Applicable,0,0:00am-0:59am,48,48,0,0:00am-0:59am,54,54,99,Unknown,99,Unknown EMS Hospital Arrival Time,2
17,Illinois,170997,0,0,2,2,0,3,3,43,DUPAGE (43),1385,CAROL STREAM,10,October,15,15,7,Saturday,2022,15,3:00pm-3:59pm,12,12,CR-23,ELK TRL,4,County Road,2,Urban,4,Minor Arterial,3,Town or Township Highway Agency,0,This section IS NOT on the NHS,0,No Special Jurisdiction,45,45,41.924625,41.924625,-88.12055833,-88.12055833,12,Motor Vehicle In-Transport,6,Angle,0,No,2,Intersection,2,Four-Way Intersection,1,On Roadway,0,None,1,Daylight,1,Clear,0,No,0000000,Not Applicable,99,Unknown,99,Unknown,99,Unknown EMS Scene Arrival Hour,99,Unknown EMS Scene Arrival Minutes,99,Unknown,99,Unknown EMS Hospital Arrival Time,1
17,Illinois,170998,0,0,2,2,0,3,3,73,HENRY (73),0,NOT APPLICABLE,10,October,28,28,6,Friday,2022,10,10:00am-10:59am,24,24,CR-10,CR-12,4,County Road,1,Rural,6,Minor Collector,3,Town or Township Highway Agency,0,This section IS NOT on the NHS,0,No Special Jurisdiction,99998,Not Reported,41.41301389,41.41301389,-90.396,-90.396,12,Motor Vehicle In-Transport,6,Angle,0,No,2,Intersection,2,Four-Way Intersection,1,On Roadway,0,None,1,Daylight,1,Clear,0,No,0000000,Not Applicable,99,Unknown,99,Unknown,99,Unknown EMS Scene Arrival Hour,99,Unknown EMS Scene Arrival Minutes,99,Unknown,99,Unknown EMS Hospital Arrival Time,1
17,Illinois,170999,1,1,1,1,0,1,1,119,MADISON (119),3550,GRANITE CITY,11,November,6,6,1,Sunday,2022,7,7:00am-7:59am,40,40,MADISON AVE,29TH ST,6,Local Street - Municipality,2,Urban,4,Minor Arterial,4,City or Municipal Highway Agency,0,This section IS NOT on the NHS,0,No Special Jurisdiction,0,None,38.71448333,38.71448333,-90.12767222,-90.12767222,8,Pedestrian,0,The First Harmful Event was Not a Collision with a Motor Vehicle in Transport,0,No,3,Intersection-Related,2,Four-Way Intersection,1,On Roadway,0,None,1,Daylight,1,Clear,0,No,0000000,Not Applicable,7,7:00am-7:59am,40,40,7,7:00am-7:59am,42,42,99,Unknown,99,Unknown EMS Hospital Arrival Time,1
17,Illinois,171000,0,0,2,2,0,4,4,89,KANE (89),460,AURORA,10,October,8,8,7,Saturday,2022,12,12:00pm-12:59pm,30,30,MANSFIELD,INDIAN TRAIL RD,6,Local Street - Municipality,2,Urban,7,Local,4,City or Municipal Highway Agency,0,This section IS NOT on the NHS,0,No Special Jurisdiction,99998,Not Reported,41.782925,41.782925,-88.26424444,-88.26424444,12,Motor Vehicle In-Transport,6,Angle,0,No,2,Intersection,2,Four-Way Intersection,1,On Roadway,0,None,1,Daylight,1,Clear,0,No,0000000,Not Applicable,12,12:00pm-12:59pm,38,38,12,12:00pm-12:59pm,45,45,99,Unknown,99,Unknown EMS Hospital Arrival Time,1
17,Illinois,171001,0,0,1,1,0,3,3,31,COOK (31),3820,HAZEL CREST,11,November,8,8,3,Tuesday,2022,22,10:00pm-10:59pm,0,0,DIXIE HWY,NA,8,Other,2,Urban,4,Minor Arterial,1,State Highway Agency,0,This section IS NOT on the NHS,0,No Special Jurisdiction,99998,Not Reported,41.58075278,41.58075278,-87.66552778,-87.66552778,31,"Post, Pole or Other Supports",0,The First Harmful Event was Not a Collision with a Motor Vehicle in Transport,0,No,1,Non-Junction,1,Not an Intersection,4,On Roadside,0,None,3,Dark - Lighted,1,Clear,0,No,0000000,Not Applicable,22,10:00pm-10:59pm,8,8,22,10:00pm-10:59pm,15,15,99,Unknown,99,Unknown EMS Hospital Arrival Time,2
17,Illinois,171002,0,0,1,1,0,1,1,31,COOK (31),4860,LINCOLNWOOD,11,November,14,14,2,Monday,2022,3,3:00am-3:59am,54,54,TOUHY AVE,NA,8,Other,2,Urban,4,Minor Arterial,1,State Highway Agency,0,This section IS NOT on the NHS,0,No Special Jurisdiction,6,6,42.01178056,42.01178056,-87.73701111,-87.73701111,42,Tree (Standing Only),0,The First Harmful Event was Not a Collision with a Motor Vehicle in Transport,0,No,1,Non-Junction,1,Not an Intersection,4,On Roadside,0,None,3,Dark - Lighted,1,Clear,0,No,0000000,Not Applicable,3,3:00am-3:59am,54,54,4,4:00am-4:59am,0,0,88,Not Applicable (Not Transported),88,Not Applicable (Not Transported),1
17,Illinois,171003,0,0,1,1,0,3,3,161,ROCK ISLAND (161),3710,HAMPTON,11,November,7,7,2,Monday,2022,9,9:00am-9:59am,27,27,1ST ST,NA,8,Other,2,Urban,4,Minor Arterial,1,State Highway Agency,0,This section IS NOT on the NHS,0,No Special Jurisdiction,99998,Not Reported,41.50581944,41.50581944,-90.42486389,-90.42486389,1,Rollover/Overturn,0,The First Harmful Event was Not a Collision with a Motor Vehicle in Transport,0,No,1,Non-Junction,1,Not an Intersection,1,On Roadway,0,None,1,Daylight,1,Clear,0,No,0000000,Not Applicable,99,Unknown,99,Unknown,99,Unknown EMS Scene Arrival Hour,99,Unknown EMS Scene Arrival Minutes,99,Unknown,99,Unknown EMS Hospital Arrival Time,1
17,Illinois,171004,0,0,1,1,0,1,1,189,WASHINGTON (189),4210,IRVINGTON,11,November,13,13,1,Sunday,2022,12,12:00pm-12:59pm,42,42,TOWER RD,NA,5,Local Street - Township,1,Rural,7,Local,3,Town or Township Highway Agency,0,This section IS NOT on the NHS,0,No Special Jurisdiction,99998,Not Reported,38.43576667,38.43576667,-89.19126389,-89.19126389,1,Rollover/Overturn,0,The First Harmful Event was Not a Collision with a Motor Vehicle in Transport,0,No,1,Non-Junction,1,Not an Intersection,4,On Roadside,0,None,1,Daylight,1,Clear,0,No,0000000,Not Applicable,99,Unknown,99,Unknown,99,Unknown EMS Scene Arrival Hour,99,Unknown EMS Scene Arrival Minutes,88,Not Applicable (Not Transported),88,Not Applicable (Not Transported),1
17,Illinois,171005,0,0,1,1,0,2,2,31,COOK (31),1670,CHICAGO,11,November,17,17,5,Thursday,2022,0,0:00am-0:59am,47,47,STONY ISLAND AVE,NA,8,Other,2,Urban,3,Principal Arterial - Other,1,State Highway Agency,1,This section IS ON the NHS,0,No Special Jurisdiction,99998,Not Reported,41.74692778,41.74692778,-87.58545278,-87.58545278,42,Tree (Standing Only),0,The First Harmful Event was Not a Collision with a Motor Vehicle in Transport,0,No,1,Non-Junction,1,Not an Intersection,4,On Roadside,0,None,3,Dark - Lighted,1,Clear,0,No,0000000,Not Applicable,0,0:00am-0:59am,47,47,0,0:00am-0:59am,51,51,88,Not Applicable (Not Transported),88,Not Applicable (Not Transported),2
17,Illinois,171006,0,0,2,2,0,2,2,43,DUPAGE (43),2440,DOWNERS GROVE,11,November,1,1,3,Tuesday,2022,12,12:00pm-12:59pm,18,18,I-55 NEB TO LEMONT,NA,1,Interstate,2,Urban,1,Interstate,1,State Highway Agency,1,This section IS ON the NHS,0,No Special Jurisdiction,99998,Not Reported,41.71500833,41.71500833,-88.009525,-88.009525,12,Motor Vehicle In-Transport,1,Front-to-Rear,1,Yes,5,Entrance/Exit Ramp Related,1,Not an Intersection,1,On Roadway,0,None,1,Daylight,1,Clear,0,No,0000000,Not Applicable,12,12:00pm-12:59pm,18,18,12,12:00pm-12:59pm,26,26,88,Not Applicable (Not Transported),88,Not Applicable (Not Transported),1
17,Illinois,171007,0,0,2,2,0,3,3,97,LAKE (97),3580,GRAYSLAKE,11,November,4,4,6,Friday,2022,5,5:00am-5:59am,27,27,SR-120,NA,3,State Highway,2,Urban,3,Principal Arterial - Other,1,State Highway Agency,1,This section IS ON the NHS,0,No Special Jurisdiction,332,332,42.33663056,42.33663056,-88.02900833,-88.02900833,12,Motor Vehicle In-Transport,8,Sideswipe - Opposite Direction,0,No,1,Non-Junction,1,Not an Intersection,1,On Roadway,0,None,3,Dark - Lighted,1,Clear,0,No,0000000,Not Applicable,5,5:00am-5:59am,27,27,5,5:00am-5:59am,35,35,88,Not Applicable (Not Transported),88,Not Applicable (Not Transported),1
17,Illinois,171008,1,1,1,1,0,3,3,31,COOK (31),3790,HARVEY,7,July,22,22,6,Friday,2022,22,10:00pm-10:59pm,3,3,SR-1,NA,3,State Highway,2,Urban,3,Principal Arterial - Other,1,State Highway Agency,1,This section IS ON the NHS,0,No Special Jurisdiction,10,10,41.58613611,41.58613611,-87.63640556,-87.63640556,8,Pedestrian,0,The First Harmful Event was Not a Collision with a Motor Vehicle in Transport,0,No,1,Non-Junction,1,Not an Intersection,1,On Roadway,0,None,6,Dark - Unknown Lighting,1,Clear,0,No,0000000,Not Applicable,21,9:00pm-9:59pm,38,38,21,9:00pm-9:59pm,40,40,99,Unknown,99,Unknown EMS Hospital Arrival Time,1
17,Illinois,171009,0,0,1,1,0,3,3,31,COOK (31),2390,DOLTON,9,September,27,27,3,Tuesday,2022,18,6:00pm-6:59pm,4,4,MARTIN LUTHER KING DR,NA,8,Other,2,Urban,5,Major Collector,1,State Highway Agency,0,This section IS NOT on the NHS,0,No Special Jurisdiction,7,7,41.63896389,41.63896389,-87.60755833,-87.60755833,19,Building,0,The First Harmful Event was Not a Collision with a Motor Vehicle in Transport,0,No,1,Non-Junction,1,Not an Intersection,4,On Roadside,0,None,1,Daylight,1,Clear,0,No,0000000,Not Applicable,18,6:00pm-6:59pm,8,8,18,6:00pm-6:59pm,8,8,99,Unknown,99,Unknown EMS Hospital Arrival Time,1
17,Illinois,171010,2,2,1,1,0,1,1,33,CRAWFORD (33),0,NOT APPLICABLE,11,November,10,10,5,Thursday,2022,2,2:00am-2:59am,50,50,SR-33,NA,3,State Highway,1,Rural,4,Minor Arterial,1,State Highway Agency,0,This section IS NOT on the NHS,0,No Special Jurisdiction,285,285,38.87628333,38.87628333,-87.55969167,-87.55969167,8,Pedestrian,0,The First Harmful Event was Not a Collision with a Motor Vehicle in Transport,0,No,1,Non-Junction,1,Not an Intersection,1,On Roadway,0,None,6,Dark - Unknown Lighting,1,Clear,0,No,0000000,Not Applicable,99,Unknown,99,Unknown,99,Unknown EMS Scene Arrival Hour,99,Unknown EMS Scene Arrival Minutes,99,Unknown,99,Unknown EMS Hospital Arrival Time,1
17,Illinois,171011,0,0,2,2,0,2,2,199,WILLIAMSON (199),0,NOT APPLICABLE,11,November,8,8,3,Tuesday,2022,5,5:00am-5:59am,4,4,I-57,NA,1,Interstate,2,Urban,1,Interstate,1,State Highway Agency,1,This section IS ON the NHS,0,No Special Jurisdiction,521,521,37.71749722,37.71749722,-88.95827778,-88.95827778,12,Motor Vehicle In-Transport,11,Other,0,No,1,Non-Junction,1,Not an Intersection,1,On Roadway,0,None,6,Dark - Unknown Lighting,1,Clear,0,No,0000000,Not Applicable,99,Unknown,99,Unknown,99,Unknown EMS Scene Arrival Hour,99,Unknown EMS Scene Arrival Minutes,99,Unknown,99,Unknown EMS Hospital Arrival Time,1
17,Illinois,171012,0,0,2,2,0,2,2,37,DEKALB (37),5140,MALTA,11,November,14,14,2,Monday,2022,17,5:00pm-5:59pm,45,45,SR-38,NA,3,State Highway,1,Rural,3,Principal Arterial - Other,1,State Highway Agency,1,This section IS ON the NHS,0,No Special Jurisdiction,29,29,41.935675,41.935675,-88.88642222,-88.88642222,12,Motor Vehicle In-Transport,1,Front-to-Rear,0,No,8,Driveway Access Related,1,Not an Intersection,1,On Roadway,0,None,6,Dark - Unknown Lighting,1,Clear,0,No,0000000,Not Applicable,99,Unknown,99,Unknown,99,Unknown EMS Scene Arrival Hour,99,Unknown EMS Scene Arrival Minutes,99,Unknown,99,Unknown EMS Hospital Arrival Time,1
17,Illinois,171013,0,0,2,2,0,2,2,201,WINNEBAGO (201),7460,ROCKFORD,11,November,15,15,3,Tuesday,2022,3,3:00am-3:59am,55,55,SR-251,NEW MILFORD SCHOOL RD,3,State Highway,2,Urban,4,Minor Arterial,1,State Highway Agency,0,This section IS NOT on the NHS,0,No Special Jurisdiction,0,None,42.18716389,42.18716389,-89.07206111,-89.07206111,12,Motor Vehicle In-Transport,6,Angle,0,No,2,Intersection,2,Four-Way Intersection,1,On Roadway,0,None,3,Dark - Lighted,1,Clear,0,No,0000000,Not Applicable,99,Unknown,99,Unknown,99,Unknown EMS Scene Arrival Hour,99,Unknown EMS Scene Arrival Minutes,99,Unknown,99,Unknown EMS Hospital Arrival Time,1
17,Illinois,171014,0,0,2,2,0,3,3,31,COOK (31),512,BARRINGTON HILLS,11,November,4,4,6,Friday,2022,14,2:00pm-2:59pm,13,13,SR-68,SR-59,3,State Highway,2,Urban,3,Principal Arterial - Other,1,State Highway Agency,1,This section IS ON the NHS,0,No Special Jurisdiction,442,442,42.12758611,42.12758611,-88.15796389,-88.15796389,12,Motor Vehicle In-Transport,6,Angle,0,No,2,Intersection,2,Four-Way Intersection,1,On Roadway,0,None,1,Daylight,2,Rain,0,No,0000000,Not Applicable,99,Unknown,99,Unknown,99,Unknown EMS Scene Arrival Hour,99,Unknown EMS Scene Arrival Minutes,99,Unknown,99,Unknown EMS Hospital Arrival Time,1
17,Illinois,171015,0,0,2,2,0,2,2,201,WINNEBAGO (201),5000,LOVES PARK,11,November,14,14,2,Monday,2022,12,12:00pm-12:59pm,22,22,CR-7,LANDSTROM RD,4,County Road,2,Urban,3,Principal Arterial - Other,3,Town or Township Highway Agency,1,This section IS ON the NHS,0,No Special Jurisdiction,99998,Not Reported,42.29845556,42.29845556,-89.05504444,-89.05504444,12,Motor Vehicle In-Transport,11,Other,0,No,3,Intersection-Related,2,Four-Way Intersection,1,On Roadway,0,None,1,Daylight,1,Clear,0,No,0000000,Not Applicable,99,Unknown,99,Unknown,99,Unknown EMS Scene Arrival Hour,99,Unknown EMS Scene Arrival Minutes,99,Unknown,99,Unknown EMS Hospital Arrival Time,1
17,Illinois,171016,0,0,1,1,0,1,1,143,PEORIA (143),1000,BRIMFIELD,11,November,13,13,1,Sunday,2022,14,2:00pm-2:59pm,55,55,I-74,NA,1,Interstate,1,Rural,1,Interstate,1,State Highway Agency,1,This section IS ON the NHS,0,No Special Jurisdiction,708,708,40.85131944,40.85131944,-89.93415556,-89.93415556,30,Utility Pole/Light Support,0,The First Harmful Event was Not a Collision with a Motor Vehicle in Transport,0,No,1,Non-Junction,1,Not an Intersection,4,On Roadside,0,None,1,Daylight,1,Clear,0,No,0000000,Not Applicable,99,Unknown,99,Unknown,99,Unknown EMS Scene Arrival Hour,99,Unknown EMS Scene Arrival Minutes,99,Unknown,99,Unknown EMS Hospital Arrival Time,1
17,Illinois,171017,0,0,1,1,0,1,1,197,WILL (197),0,NOT APPLICABLE,11,November,16,16,4,Wednesday,2022,13,1:00pm-1:59pm,57,57,CR-24,NA,4,County Road,2,Urban,5,Major Collector,3,Town or Township Highway Agency,0,This section IS NOT on the NHS,0,No Special Jurisdiction,99998,Not Reported,41.3411,41.3411,-87.58258611,-87.58258611,30,Utility Pole/Light Support,0,The First Harmful Event was Not a Collision with a Motor Vehicle in Transport,0,No,1,Non-Junction,1,Not an Intersection,4,On Roadside,0,None,1,Daylight,4,Snow,0,No,0000000,Not Applicable,99,Unknown,99,Unknown,99,Unknown EMS Scene Arrival Hour,99,Unknown EMS Scene Arrival Minutes,99,Unknown,99,Unknown EMS Hospital Arrival Time,1
17,Illinois,171018,1,1,1,1,0,1,1,31,COOK (31),1670,CHICAGO,11,November,21,21,2,Monday,2022,20,8:00pm-8:59pm,33,33,PULASKI RD,ARTHINGTON,8,Other,2,Urban,4,Minor Arterial,1,State Highway Agency,0,This section IS NOT on the NHS,0,No Special Jurisdiction,99998,Not Reported,41.87003333,41.87003333,-87.72531111,-87.72531111,8,Pedestrian,0,The First Harmful Event was Not a Collision with a Motor Vehicle in Transport,0,No,3,Intersection-Related,3,T-Intersection,1,On Roadway,0,None,3,Dark - Lighted,1,Clear,0,No,0000000,Not Applicable,99,Unknown,99,Unknown,20,8:00pm-8:59pm,42,42,99,Unknown,99,Unknown EMS Hospital Arrival Time,1
17,Illinois,171019,0,0,1,1,0,1,1,77,JACKSON (77),1350,CARBONDALE,11,November,19,19,7,Saturday,2022,22,10:00pm-10:59pm,56,56,OLD HWY 13,NA,8,Other,2,Urban,4,Minor Arterial,1,State Highway Agency,0,This section IS NOT on the NHS,0,No Special Jurisdiction,99998,Not Reported,37.73739722,37.73739722,-89.15210278,-89.15210278,1,Rollover/Overturn,0,The First Harmful Event was Not a Collision with a Motor Vehicle in Transport,0,No,1,Non-Junction,1,Not an Intersection,4,On Roadside,0,None,6,Dark - Unknown Lighting,1,Clear,0,No,0000000,Not Applicable,22,10:00pm-10:59pm,56,56,23,11:00pm-11:59pm,0,0,99,Unknown,99,Unknown EMS Hospital Arrival Time,1
17,Illinois,171020,0,0,1,1,0,1,1,201,WINNEBAGO (201),7460,ROCKFORD,11,November,22,22,3,Tuesday,2022,1,1:00am-1:59am,11,11,FAIRVIEW AVE,NA,6,Local Street - Municipality,2,Urban,4,Minor Arterial,4,City or Municipal Highway Agency,0,This section IS NOT on the NHS,0,No Special Jurisdiction,99998,Not Reported,42.26058611,42.26058611,-89.04250278,-89.04250278,42,Tree (Standing Only),0,The First Harmful Event was Not a Collision with a Motor Vehicle in Transport,0,No,1,Non-Junction,1,Not an Intersection,4,On Roadside,0,None,3,Dark - Lighted,1,Clear,0,No,0000000,Not Applicable,1,1:00am-1:59am,11,11,1,1:00am-1:59am,17,17,99,Unknown,99,Unknown EMS Hospital Arrival Time,1
17,Illinois,171021,1,1,1,1,0,1,1,31,COOK (31),1670,CHICAGO,11,November,23,23,4,Wednesday,2022,6,6:00am-6:59am,41,41,CALIFORNIA AVE,NA,5,Local Street - Township,2,Urban,5,Major Collector,3,Town or Township Highway Agency,0,This section IS NOT on the NHS,0,No Special Jurisdiction,54,54,41.80922222,41.80922222,-87.694225,-87.694225,8,Pedestrian,0,The First Harmful Event was Not a Collision with a Motor Vehicle in Transport,0,No,1,Non-Junction,1,Not an Intersection,1,On Roadway,0,None,1,Daylight,1,Clear,0,No,0000000,Not Applicable,99,Unknown,99,Unknown,6,6:00am-6:59am,44,44,99,Unknown,99,Unknown EMS Hospital Arrival Time,1
17,Illinois,171022,1,1,1,1,0,1,1,187,WARREN (187),5700,MONMOUTH,11,November,23,23,4,Wednesday,2022,22,10:00pm-10:59pm,14,14,US-34,NA,2,US Highway,2,Urban,2,Principal Arterial - Other Freeways and Expressways,1,State Highway Agency,1,This section IS ON the NHS,0,No Special Jurisdiction,1,1,40.92531667,40.92531667,-90.64704167,-90.64704167,8,Pedestrian,0,The First Harmful Event was Not a Collision with a Motor Vehicle in Transport,0,No,1,Non-Junction,1,Not an Intersection,1,On Roadway,0,None,3,Dark - Lighted,1,Clear,0,No,0000000,Not Applicable,22,10:00pm-10:59pm,15,15,22,10:00pm-10:59pm,16,16,99,Unknown,99,Unknown EMS Hospital Arrival Time,1
17,Illinois,171023,0,0,1,1,0,2,2,163,ST. CLAIR (163),1495,CENTREVILLE,11,November,23,23,4,Wednesday,2022,3,3:00am-3:59am,8,8,I-255,NA,1,Interstate,2,Urban,1,Interstate,1,State Highway Agency,1,This section IS ON the NHS,0,No Special Jurisdiction,138,138,38.58970833,38.58970833,-90.09532778,-90.09532778,38,Fence,0,The First Harmful Event was Not a Collision with a Motor Vehicle in Transport,0,No,1,Non-Junction,1,Not an Intersection,4,On Roadside,0,None,3,Dark - Lighted,1,Clear,0,No,0000000,Not Applicable,3,3:00am-3:59am,9,9,3,3:00am-3:59am,39,39,99,Unknown,99,Unknown EMS Hospital Arrival Time,1
17,Illinois,171024,1,1,8,8,0,16,16,31,COOK (31),1670,CHICAGO,11,November,23,23,4,Wednesday,2022,17,5:00pm-5:59pm,0,0,87TH ST,COTTAGE GROVE AVE,6,Local Street - Municipality,2,Urban,4,Minor Arterial,4,City or Municipal Highway Agency,0,This section IS NOT on the NHS,0,No Special Jurisdiction,99998,Not Reported,41.736675,41.736675,-87.604825,-87.604825,12,Motor Vehicle In-Transport,6,Angle,0,No,2,Intersection,2,Four-Way Intersection,1,On Roadway,0,None,5,Dusk,1,Clear,0,No,0000000,Not Applicable,17,5:00pm-5:59pm,0,0,17,5:00pm-5:59pm,3,3,99,Unknown,99,Unknown EMS Hospital Arrival Time,2
17,Illinois,171025,0,0,2,2,0,2,2,31,COOK (31),7100,POSEN,10,October,8,8,7,Saturday,2022,22,10:00pm-10:59pm,52,52,KEDZIE AVE,NA,5,Local Street - Township,2,Urban,4,Minor Arterial,3,Town or Township Highway Agency,0,This section IS NOT on the NHS,0,No Special Jurisdiction,256,256,41.62241389,41.62241389,-87.69819167,-87.69819167,12,Motor Vehicle In-Transport,2,Front-to-Front,0,No,1,Non-Junction,1,Not an Intersection,1,On Roadway,0,None,6,Dark - Unknown Lighting,1,Clear,0,No,0000000,Not Applicable,22,10:00pm-10:59pm,52,52,22,10:00pm-10:59pm,56,56,99,Unknown,99,Unknown EMS Hospital Arrival Time,1
17,Illinois,171026,0,0,5,3,2,7,7,31,COOK (31),1670,CHICAGO,11,November,20,20,1,Sunday,2022,19,7:00pm-7:59pm,55,55,MICHIGAN AVE,NA,8,Other,2,Urban,4,Minor Arterial,1,State Highway Agency,0,This section IS NOT on the NHS,0,No Special Jurisdiction,99998,Not Reported,41.86385,41.86385,-87.62408333,-87.62408333,12,Motor Vehicle In-Transport,6,Angle,0,No,1,Non-Junction,1,Not an Intersection,1,On Roadway,0,None,3,Dark - Lighted,1,Clear,0,No,0000000,Not Applicable,99,Unknown,99,Unknown,20,8:00pm-8:59pm,3,3,99,Unknown,99,Unknown EMS Hospital Arrival Time,1
17,Illinois,171027,0,0,2,2,0,2,2,203,WOODFORD (203),0,NOT APPLICABLE,11,November,16,16,4,Wednesday,2022,7,7:00am-7:59am,17,17,US-24,NA,2,US Highway,1,Rural,3,Principal Arterial - Other,1,State Highway Agency,1,This section IS ON the NHS,0,No Special Jurisdiction,5,5,40.72029722,40.72029722,-89.32295833,-89.32295833,12,Motor Vehicle In-Transport,6,Angle,0,No,1,Non-Junction,1,Not an Intersection,1,On Roadway,0,None,4,Dawn,4,Snow,0,No,0000000,Not Applicable,7,7:00am-7:59am,20,20,7,7:00am-7:59am,23,23,88,Not Applicable (Not Transported),88,Not Applicable (Not Transported),1
17,Illinois,171028,0,0,2,2,0,4,4,161,ROCK ISLAND (161),7470,ROCK ISLAND,11,November,1,1,3,Tuesday,2022,15,3:00pm-3:59pm,56,56,SR-92 OFF RAMP TO US67 W,NA,3,State Highway,2,Urban,2,Principal Arterial - Other Freeways and Expressways,1,State Highway Agency,1,This section IS ON the NHS,0,No Special Jurisdiction,0,None,41.51084444,41.51084444,-90.58071389,-90.58071389,12,Motor Vehicle In-Transport,1,Front-to-Rear,1,Yes,5,Entrance/Exit Ramp Related,1,Not an Intersection,1,On Roadway,0,None,1,Daylight,1,Clear,0,No,0000000,Not Applicable,15,3:00pm-3:59pm,56,56,16,4:00pm-4:59pm,0,0,99,Unknown,99,Unknown EMS Hospital Arrival Time,1