STATE,STATENAME,ST_CASE,PEDS,PERNOTMVIT,VE_TOTAL,VE_FORMS,PVH_INVL,PERSONS,PERMVIT,COUNTY,COUNTYNAME,CITY,CITYNAME,MONTH,MONTHNAME,DAY,DAYNAME,DAY_WEEK,DAY_WEEKNAME,YEAR,HOUR,HOURNAME,MINUTE,MINUTENAME,TWAY_ID,TWAY_ID2,ROUTE,ROUTENAME,RUR_URB,RUR_URBNAME,FUNC_SYS,FUNC_SYSNAME,RD_OWNER,RD_OWNERNAME,NHS,NHSNAME,SP_JUR,SP_JURNAME,MILEPT,MILEPTNAME,LATITUDE,LATITUDENAME,LONGITUD,LONGITUDNAME,HARM_EV,HARM_EVNAME,MAN_COLL,MAN_COLLNAME,RELJCT1,RELJCT1NAME,RELJCT2,RELJCT2NAME,TYP_INT,TYP_INTNAME,REL_ROAD,REL_ROADNAME,WRK_ZONE,WRK_ZONENAME,LGT_COND,LGT_CONDNAME,WEATHER,WEATHERNAME,SCH_BUS,SCH_BUSNAME,RAIL,RAILNAME,NOT_HOUR,NOT_HOURNAME,NOT_MIN,NOT_MINNAME,ARR_HOUR,ARR_HOURNAME,ARR_MIN,ARR_MINNAME,HOSP_HR,HOSP_HRNAME,HOSP_MN,HOSP_MNNAME,FATALS
17,Illinois,171029,0,0,3,3,0,4,4,89,KANE (89),0,NOT APPLICABLE,11,November,19,19,7,Saturday,2022,0,0:00am-0:59am,48,48,CR-22,NA,4,County Road,2,Urban,4,Minor Arterial,3,Town or Township Highway Agency,0,This section IS NOT on the NHS,0,No Special Jurisdiction,13,13,42.05001944,42.05001944,-88.43935278,-88.43935278,12,Motor Vehicle In-Transport,2,Front-to-Front,0,No,1,Non-Junction,1,Not an Intersection,1,On Roadway,0,None,6,Dark - Unknown Lighting,1,Clear,0,No,0000000,Not Applicable,0,0:00am-0:59am,48,48,0,0:00am-0:59am,57,57,99,Unknown,99,Unknown EMS Hospital Arrival Time,1
17,Illinois,171030,0,0,2,2,0,3,3,83,JERSEY (83),3007,FIDELITY,11,November,21,21,2,Monday,2022,14,2:00pm-2:59pm,23,23,CR-3,NA,4,County Road,1,Rural,7,Local,3,Town or Township Highway Agency,0,This section IS NOT on the NHS,0,No Special Jurisdiction,6,6,39.10778056,39.10778056,-90.16451667,-90.16451667,12,Motor Vehicle In-Transport,6,Angle,0,No,8,Driveway Access Related,1,Not an Intersection,1,On Roadway,0,None,1,Daylight,1,Clear,0,No,0000000,Not Applicable,14,2:00pm-2:59pm,23,23,14,2:00pm-2:59pm,45,45,99,Unknown,99,Unknown EMS Hospital Arrival Time,1
17,Illinois,171031,0,0,3,3,0,4,4,31,COOK (31),0,NOT APPLICABLE,11,November,10,10,5,Thursday,2022,15,3:00pm-3:59pm,51,51,I-294,NA,1,Interstate,2,Urban,1,Interstate,1,State Highway Agency,1,This section IS ON the NHS,0,No Special Jurisdiction,445,445,41.62728333,41.62728333,-87.69201944,-87.69201944,54,"Motor Vehicle In-Transport Strikes or is Struck by Cargo, Persons or Objects Set-in-Motion from/by Another Motor Vehicle In Transport",11,Other,0,No,1,Non-Junction,1,Not an Intersection,1,On Roadway,0,None,1,Daylight,1,Clear,0,No,0000000,Not Applicable,15,3:00pm-3:59pm,51,51,16,4:00pm-4:59pm,4,4,99,Unknown,99,Unknown EMS Hospital Arrival Time,1
17,Illinois,171032,0,0,3,3,0,4,4,133,MONROE (133),0,NOT APPLICABLE,11,November,7,7,2,Monday,2022,8,8:00am-8:59am,54,54,I-255,NA,1,Interstate,2,Urban,1,Interstate,1,State Highway Agency,1,This section IS ON the NHS,0,No Special Jurisdiction,25,25,38.47371667,38.47371667,-90.23181389,-90.23181389,12,Motor Vehicle In-Transport,6,Angle,0,No,1,Non-Junction,1,Not an Intersection,1,On Roadway,0,None,1,Daylight,1,Clear,0,No,0000000,Not Applicable,99,Unknown,99,Unknown,99,Unknown EMS Scene Arrival Hour,99,Unknown EMS Scene Arrival Minutes,99,Unknown,99,Unknown EMS Hospital Arrival Time,1
17,Illinois,171033,1,1,1,1,0,1,1,31,COOK (31),1670,CHICAGO,10,October,14,14,6,Friday,2022,1,1:00am-1:59am,28,28,87TH,NA,6,Local Street - Municipality,2,Urban,4,Minor Arterial,4,City or Municipal Highway Agency,0,This section IS NOT on the NHS,0,No Special Jurisdiction,3,3,41.73645,41.73645,-87.61971944,-87.61971944,8,Pedestrian,0,The First Harmful Event was Not a Collision with a Motor Vehicle in Transport,0,No,1,Non-Junction,1,Not an Intersection,1,On Roadway,0,None,3,Dark - Lighted,1,Clear,0,No,0000000,Not Applicable,0,0:00am-0:59am,0,0,0,0:00am-0:59am,0,0,99,Unknown,99,Unknown EMS Hospital Arrival Time,1
17,Illinois,171034,0,0,2,2,0,2,2,201,WINNEBAGO (201),7460,ROCKFORD,11,November,7,7,2,Monday,2022,23,11:00pm-11:59pm,21,21,PIERPONT AVE,NA,6,Local Street - Municipality,2,Urban,6,Minor Collector,4,City or Municipal Highway Agency,0,This section IS NOT on the NHS,0,No Special Jurisdiction,0,None,42.251925,42.251925,-89.13479444,-89.13479444,12,Motor Vehicle In-Transport,2,Front-to-Front,0,No,1,Non-Junction,1,Not an Intersection,1,On Roadway,0,None,2,Dark - Not Lighted,1,Clear,0,No,0000000,Not Applicable,23,11:00pm-11:59pm,21,21,23,11:00pm-11:59pm,28,28,99,Unknown,99,Unknown EMS Hospital Arrival Time,1
17,Illinois,171035,2,2,1,1,0,3,3,31,COOK (31),2330,DES PLAINES,11,November,27,27,1,Sunday,2022,12,12:00pm-12:59pm,15,15,US-14,NA,2,US Highway,2,Urban,4,Minor Arterial,1,State Highway Agency,0,This section IS NOT on the NHS,0,No Special Jurisdiction,72,72,42.05284167,42.05284167,-87.91283889,-87.91283889,8,Pedestrian,0,The First Harmful Event was Not a Collision with a Motor Vehicle in Transport,0,No,1,Non-Junction,1,Not an Intersection,4,On Roadside,0,None,1,Daylight,2,Rain,0,No,0000000,Not Applicable,12,12:00pm-12:59pm,16,16,12,12:00pm-12:59pm,20,20,99,Unknown,99,Unknown EMS Hospital Arrival Time,2
17,Illinois,171036,0,0,1,1,0,2,2,31,COOK (31),1670,CHICAGO,11,November,28,28,2,Monday,2022,16,4:00pm-4:59pm,50,50,ARCHER AVE,NA,8,Other,2,Urban,5,Major Collector,1,State Highway Agency,0,This section IS NOT on the NHS,0,No Special Jurisdiction,99998,Not Reported,41.85117778,41.85117778,-87.63831944,-87.63831944,33,Curb,0,The First Harmful Event was Not a Collision with a Motor Vehicle in Transport,0,No,1,Non-Junction,1,Not an Intersection,4,On Roadside,0,None,3,Dark - Lighted,1,Clear,0,No,0000000,Not Applicable,99,Unknown,99,Unknown,99,Unknown EMS Scene Arrival Hour,99,Unknown EMS Scene Arrival Minutes,99,Unknown,99,Unknown EMS Hospital Arrival Time,1
17,Illinois,171037,0,0,1,1,0,2,2,97,LAKE (97),9650,ZION,11,November,24,24,5,Thursday,2022,21,9:00pm-9:59pm,32,32,SR-137,NA,3,State Highway,2,Urban,3,Principal Arterial - Other,1,State Highway Agency,1,This section IS ON the NHS,0,No Special Jurisdiction,32,32,42.44681667,42.44681667,-87.82550278,-87.82550278,42,Tree (Standing Only),0,The First Harmful Event was Not a Collision with a Motor Vehicle in Transport,0,No,1,Non-Junction,1,Not an Intersection,4,On Roadside,0,None,3,Dark - Lighted,1,Clear,0,No,0000000,Not Applicable,99,Unknown,99,Unknown,99,Unknown EMS Scene Arrival Hour,99,Unknown EMS Scene Arrival Minutes,99,Unknown,99,Unknown EMS Hospital Arrival Time,1
17,Illinois,171038,0,0,3,3,0,5,5,31,COOK (31),8300,STICKNEY,11,November,21,21,2,Monday,2022,8,8:00am-8:59am,45,45,I-55,NA,1,Interstate,2,Urban,1,Interstate,1,State Highway Agency,1,This section IS ON the NHS,0,No Special Jurisdiction,2854,2854,41.80962778,41.80962778,-87.76734444,-87.76734444,12,Motor Vehicle In-Transport,7,Sideswipe - Same Direction,0,No,1,Non-Junction,1,Not an Intersection,1,On Roadway,0,None,1,Daylight,1,Clear,0,No,0000000,Not Applicable,99,Unknown,99,Unknown,99,Unknown EMS Scene Arrival Hour,99,Unknown EMS Scene Arrival Minutes,99,Unknown,99,Unknown EMS Hospital Arrival Time,1
17,Illinois,171039,1,7,3,1,2,8,2,31,COOK (31),1670,CHICAGO,11,November,6,6,1,Sunday,2022,21,9:00pm-9:59pm,24,24,I-94,NA,1,Interstate,2,Urban,1,Interstate,1,State Highway Agency,1,This section IS ON the NHS,0,No Special Jurisdiction,652,652,41.70528611,41.70528611,-87.591525,-87.591525,8,Pedestrian,0,The First Harmful Event was Not a Collision with a Motor Vehicle in Transport,0,No,1,Non-Junction,1,Not an Intersection,2,On Shoulder,0,None,3,Dark - Lighted,1,Clear,0,No,0000000,Not Applicable,21,9:00pm-9:59pm,26,26,21,9:00pm-9:59pm,30,30,88,Not Applicable (Not Transported),88,Not Applicable (Not Transported),1
17,Illinois,171040,0,0,4,4,0,5,5,165,SALINE (165),0,NOT APPLICABLE,11,November,15,15,3,Tuesday,2022,7,7:00am-7:59am,29,29,SR-34,NA,3,State Highway,1,Rural,4,Minor Arterial,1,State Highway Agency,0,This section IS NOT on the NHS,0,No Special Jurisdiction,12,12,37.87926944,37.87926944,-88.691175,-88.691175,12,Motor Vehicle In-Transport,8,Sideswipe - Opposite Direction,0,No,1,Non-Junction,1,Not an Intersection,1,On Roadway,0,None,4,Dawn,2,Rain,0,No,0000000,Not Applicable,7,7:00am-7:59am,33,33,7,7:00am-7:59am,38,38,99,Unknown,99,Unknown EMS Hospital Arrival Time,1
17,Illinois,171041,0,0,3,3,0,5,5,113,MCLEAN (113),0,NOT APPLICABLE,11,November,18,18,6,Friday,2022,15,3:00pm-3:59pm,48,48,I-74,NA,1,Interstate,1,Rural,1,Interstate,1,State Highway Agency,1,This section IS ON the NHS,0,No Special Jurisdiction,202,202,40.29683611,40.29683611,-88.70757222,-88.70757222,12,Motor Vehicle In-Transport,7,Sideswipe - Same Direction,0,No,1,Non-Junction,1,Not an Intersection,1,On Roadway,0,None,1,Daylight,1,Clear,0,No,0000000,Not Applicable,15,3:00pm-3:59pm,48,48,16,4:00pm-4:59pm,0,0,99,Unknown,99,Unknown EMS Hospital Arrival Time,1
17,Illinois,171042,0,0,3,3,0,6,6,5,BOND (5),0,NOT APPLICABLE,11,November,25,25,6,Friday,2022,16,4:00pm-4:59pm,18,18,SR-127,NA,3,State Highway,1,Rural,4,Minor Arterial,1,State Highway Agency,0,This section IS NOT on the NHS,0,No Special Jurisdiction,200,200,38.78644167,38.78644167,-89.37156111,-89.37156111,12,Motor Vehicle In-Transport,6,Angle,0,No,1,Non-Junction,1,Not an Intersection,1,On Roadway,0,None,6,Dark - Unknown Lighting,1,Clear,0,No,0000000,Not Applicable,16,4:00pm-4:59pm,18,18,16,4:00pm-4:59pm,23,23,99,Unknown,99,Unknown EMS Hospital Arrival Time,1
17,Illinois,171043,0,0,1,1,0,1,1,71,HENDERSON (71),0,NOT APPLICABLE,11,November,7,7,2,Monday,2022,7,7:00am-7:59am,41,41,1400E,NA,5,Local Street - Township,1,Rural,7,Local,3,Town or Township Highway Agency,0,This section IS NOT on the NHS,0,No Special Jurisdiction,0,None,40.76553333,40.76553333,-90.92316389,-90.92316389,38,Fence,0,The First Harmful Event was Not a Collision with a Motor Vehicle in Transport,0,No,1,Non-Junction,1,Not an Intersection,4,On Roadside,0,None,2,Dark - Not Lighted,1,Clear,0,No,0000000,Not Applicable,99,Unknown,99,Unknown,99,Unknown EMS Scene Arrival Hour,99,Unknown EMS Scene Arrival Minutes,88,Not Applicable (Not Transported),88,Not Applicable (Not Transported),1
17,Illinois,171044,0,0,5,5,0,8,8,31,COOK (31),1670,CHICAGO,11,November,25,25,6,Friday,2022,23,11:00pm-11:59pm,25,25,I-90,NA,1,Interstate,2,Urban,1,Interstate,1,State Highway Agency,1,This section IS ON the NHS,0,No Special Jurisdiction,233,233,41.91422222,41.91422222,-87.66739167,-87.66739167,12,Motor Vehicle In-Transport,2,Front-to-Front,0,No,1,Non-Junction,1,Not an Intersection,1,On Roadway,0,None,3,Dark - Lighted,1,Clear,0,No,0000000,Not Applicable,23,11:00pm-11:59pm,27,27,23,11:00pm-11:59pm,30,30,99,Unknown,99,Unknown EMS Hospital Arrival Time,1
17,Illinois,171045,0,0,3,3,0,3,3,31,COOK (31),2390,DOLTON,11,November,2,2,4,Wednesday,2022,6,6:00am-6:59am,27,27,SR-83,NA,3,State Highway,2,Urban,3,Principal Arterial - Other,1,State Highway Agency,1,This section IS ON the NHS,0,No Special Jurisdiction,28,28,41.62264167,41.62264167,-87.62713333,-87.62713333,12,Motor Vehicle In-Transport,6,Angle,0,No,1,Non-Junction,1,Not an Intersection,1,On Roadway,0,None,1,Daylight,1,Clear,0,No,0000000,Not Applicable,6,6:00am-6:59am,27,27,6,6:00am-6:59am,27,27,88,Not Applicable (Not Transported),88,Not Applicable (Not Transported),1
17,Illinois,171046,0,0,5,5,0,7,7,31,COOK (31),5280,MARKHAM,11,November,25,25,6,Friday,2022,22,10:00pm-10:59pm,21,21,KEDZIE,167TH ST,5,Local Street - Township,2,Urban,4,Minor Arterial,3,Town or Township Highway Agency,0,This section IS NOT on the NHS,0,No Special Jurisdiction,99998,Not Reported,41.58642778,41.58642778,-87.69451667,-87.69451667,12,Motor Vehicle In-Transport,1,Front-to-Rear,0,No,3,Intersection-Related,2,Four-Way Intersection,1,On Roadway,0,None,3,Dark - Lighted,1,Clear,0,No,0000000,Not Applicable,22,10:00pm-10:59pm,21,21,22,10:00pm-10:59pm,25,25,99,Unknown,99,Unknown EMS Hospital Arrival Time,1
17,Illinois,171047,0,0,2,2,0,2,2,15,CARROLL (15),0,NOT APPLICABLE,11,November,3,3,5,Thursday,2022,16,4:00pm-4:59pm,25,25,SR-78,GOLDING RD,3,State Highway,1,Rural,4,Minor Arterial,1,State Highway Agency,0,This section IS NOT on the NHS,0,No Special Jurisdiction,1738,1738,41.98920278,41.98920278,-89.98835278,-89.98835278,12,Motor Vehicle In-Transport,6,Angle,0,No,2,Intersection,2,Four-Way Intersection,1,On Roadway,0,None,1,Daylight,1,Clear,0,No,0000000,Not Applicable,4,4:00am-4:59am,27,27,4,4:00am-4:59am,44,44,88,Not Applicable (Not Transported),88,Not Applicable (Not Transported),1
17,Illinois,171048,0,0,3,3,0,8,8,37,DEKALB (37),3310,GENOA,11,November,28,28,2,Monday,2022,7,7:00am-7:59am,56,56,SR-23,NA,3,State Highway,1,Rural,3,Principal Arterial - Other,1,State Highway Agency,1,This section IS ON the NHS,0,No Special Jurisdiction,82,82,42.06340556,42.06340556,-88.68424444,-88.68424444,12,Motor Vehicle In-Transport,6,Angle,0,No,1,Non-Junction,1,Not an Intersection,1,On Roadway,0,None,1,Daylight,1,Clear,0,No,0000000,Not Applicable,99,Unknown,99,Unknown,99,Unknown EMS Scene Arrival Hour,99,Unknown EMS Scene Arrival Minutes,99,Unknown,99,Unknown EMS Hospital Arrival Time,2
17,Illinois,171049,0,0,3,3,0,6,6,163,ST. CLAIR (163),670,BELLEVILLE,11,November,30,30,4,Wednesday,2022,18,6:00pm-6:59pm,41,41,SR-161,DENVERSHIRE DR,3,State Highway,2,Urban,3,Principal Arterial - Other,1,State Highway Agency,1,This section IS ON the NHS,0,No Special Jurisdiction,84,84,38.51730556,38.51730556,-89.95231111,-89.95231111,12,Motor Vehicle In-Transport,2,Front-to-Front,0,No,3,Intersection-Related,3,T-Intersection,1,On Roadway,0,None,3,Dark - Lighted,1,Clear,0,No,0000000,Not Applicable,99,Unknown,99,Unknown,99,Unknown EMS Scene Arrival Hour,99,Unknown EMS Scene Arrival Minutes,99,Unknown,99,Unknown EMS Hospital Arrival Time,1
17,Illinois,171050,0,2,2,1,1,4,2,31,COOK (31),8270,STEGER,11,November,14,14,2,Monday,2022,0,0:00am-0:59am,45,45,SR-394,NA,3,State Highway,2,Urban,3,Principal Arterial - Other,1,State Highway Agency,1,This section IS ON the NHS,0,No Special Jurisdiction,74,74,41.47576389,41.47576389,-87.57741389,-87.57741389,14,Parked Motor Vehicle,0,The First Harmful Event was Not a Collision with a Motor Vehicle in Transport,0,No,1,Non-Junction,1,Not an Intersection,1,On Roadway,0,None,6,Dark - Unknown Lighting,1,Clear,0,No,0000000,Not Applicable,0,0:00am-0:59am,47,47,0,0:00am-0:59am,52,52,99,Unknown,99,Unknown EMS Hospital Arrival Time,1
17,Illinois,171051,0,0,2,2,0,3,3,31,COOK (31),3430,GLENVIEW,11,November,23,23,4,Wednesday,2022,14,2:00pm-2:59pm,9,9,MILLER DR,PFINGSTEN RD,6,Local Street - Municipality,2,Urban,7,Local,4,City or Municipal Highway Agency,0,This section IS NOT on the NHS,0,No Special Jurisdiction,99998,Not Reported,42.10345,42.10345,-87.84906667,-87.84906667,12,Motor Vehicle In-Transport,6,Angle,0,No,2,Intersection,2,Four-Way Intersection,1,On Roadway,0,None,1,Daylight,1,Clear,0,No,0000000,Not Applicable,2,2:00am-2:59am,9,9,2,2:00am-2:59am,13,13,99,Unknown,99,Unknown EMS Hospital Arrival Time,1
17,Illinois,171052,0,0,2,2,0,2,2,143,PEORIA (143),6850,PEORIA,11,November,30,30,4,Wednesday,2022,16,4:00pm-4:59pm,21,21,ORANGE PRAIRIE RD,AMERICAN PRAIRIE,6,Local Street - Municipality,2,Urban,7,Local,4,City or Municipal Highway Agency,0,This section IS NOT on the NHS,0,No Special Jurisdiction,99998,Not Reported,40.78217222,40.78217222,-89.67912778,-89.67912778,12,Motor Vehicle In-Transport,6,Angle,0,No,2,Intersection,3,T-Intersection,1,On Roadway,0,None,1,Daylight,1,Clear,0,No,0000000,Not Applicable,99,Unknown,99,Unknown,99,Unknown EMS Scene Arrival Hour,99,Unknown EMS Scene Arrival Minutes,99,Unknown,99,Unknown EMS Hospital Arrival Time,1
17,Illinois,171053,0,0,2,2,0,5,5,179,TAZEWELL (179),5780,MORTON,11,November,29,29,3,Tuesday,2022,14,2:00pm-2:59pm,19,19,CR-3,HARDING RD,4,County Road,1,Rural,4,Minor Arterial,3,Town or Township Highway Agency,0,This section IS NOT on the NHS,0,No Special Jurisdiction,99998,Not Reported,40.62852778,40.62852778,-89.40364167,-89.40364167,12,Motor Vehicle In-Transport,6,Angle,0,No,2,Intersection,2,Four-Way Intersection,1,On Roadway,0,None,1,Daylight,1,Clear,0,No,0000000,Not Applicable,99,Unknown,99,Unknown,99,Unknown EMS Scene Arrival Hour,99,Unknown EMS Scene Arrival Minutes,99,Unknown,99,Unknown EMS Hospital Arrival Time,2
17,Illinois,171054,0,0,2,2,0,2,2,31,COOK (31),1030,BROADVIEW,11,November,10,10,5,Thursday,2022,10,10:00am-10:59am,7,7,25TH AVE,LEXINGTON ST,8,Other,2,Urban,4,Minor Arterial,1,State Highway Agency,0,This section IS NOT on the NHS,0,No Special Jurisdiction,99998,Not Reported,41.86928889,41.86928889,-87.86307778,-87.86307778,12,Motor Vehicle In-Transport,1,Front-to-Rear,0,No,3,Intersection-Related,2,Four-Way Intersection,1,On Roadway,0,None,1,Daylight,1,Clear,0,No,0000000,Not Applicable,99,Unknown,99,Unknown,99,Unknown EMS Scene Arrival Hour,99,Unknown EMS Scene Arrival Minutes,99,Unknown,99,Unknown EMS Hospital Arrival Time,1
17,Illinois,171055,0,0,2,2,0,2,2,143,PEORIA (143),6850,PEORIA,11,November,16,16,4,Wednesday,2022,17,5:00pm-5:59pm,0,0,CR-D37,NA,4,County Road,2,Urban,4,Minor Arterial,4,City or Municipal Highway Agency,0,This section IS NOT on the NHS,0,No Special Jurisdiction,99998,Not Reported,40.76510556,40.76510556,-89.61210556,-89.61210556,12,Motor Vehicle In-Transport,6,Angle,0,No,8,Driveway Access Related,1,Not an Intersection,1,On Roadway,0,None,6,Dark - Unknown Lighting,4,Snow,0,No,0000000,Not Applicable,99,Unknown,99,Unknown,99,Unknown EMS Scene Arrival Hour,99,Unknown EMS Scene Arrival Minutes,99,Unknown,99,Unknown EMS Hospital Arrival Time,1
17,Illinois,171056,1,1,1,1,0,1,1,31,COOK (31),980,BRIDGEVIEW,11,November,28,28,2,Monday,2022,18,6:00pm-6:59pm,45,45,SR-43,NA,3,State Highway,2,Urban,3,Principal Arterial - Other,1,State Highway Agency,1,This section IS ON the NHS,0,No Special Jurisdiction,292,292,41.74438056,41.74438056,-87.79955556,-87.79955556,8,Pedestrian,0,The First Harmful Event was Not a Collision with a Motor Vehicle in Transport,0,No,1,Non-Junction,1,Not an Intersection,1,On Roadway,0,None,3,Dark - Lighted,1,Clear,0,No,0000000,Not Applicable,18,6:00pm-6:59pm,45,45,18,6:00pm-6:59pm,49,49,99,Unknown,99,Unknown EMS Hospital Arrival Time,1
17,Illinois,171057,1,1,1,1,0,1,1,143,PEORIA (143),6850,PEORIA,11,November,30,30,4,Wednesday,2022,18,6:00pm-6:59pm,10,10,JEFFERSON,NA,6,Local Street - Municipality,2,Urban,4,Minor Arterial,4,City or Municipal Highway Agency,0,This section IS NOT on the NHS,0,No Special Jurisdiction,9,9,40.69143056,40.69143056,-89.592775,-89.592775,8,Pedestrian,0,The First Harmful Event was Not a Collision with a Motor Vehicle in Transport,0,No,1,Non-Junction,1,Not an Intersection,1,On Roadway,0,None,3,Dark - Lighted,1,Clear,0,No,0000000,Not Applicable,18,6:00pm-6:59pm,11,11,18,6:00pm-6:59pm,14,14,88,Not Applicable (Not Transported),88,Not Applicable (Not Transported),1
17,Illinois,171058,1,1,1,1,0,1,1,113,MCLEAN (113),840,BLOOMINGTON,11,November,30,30,4,Wednesday,2022,21,9:00pm-9:59pm,0,0,US-51,CR-30,2,US Highway,2,Urban,2,Principal Arterial - Other Freeways and Expressways,1,State Highway Agency,1,This section IS ON the NHS,0,No Special Jurisdiction,2600,2600,40.42974444,40.42974444,-88.99049722,-88.99049722,8,Pedestrian,0,The First Harmful Event was Not a Collision with a Motor Vehicle in Transport,0,No,3,Intersection-Related,2,Four-Way Intersection,1,On Roadway,0,None,6,Dark - Unknown Lighting,1,Clear,0,No,0000000,Not Applicable,21,9:00pm-9:59pm,0,0,21,9:00pm-9:59pm,5,5,88,Not Applicable (Not Transported),88,Not Applicable (Not Transported),1
17,Illinois,171059,1,1,1,1,0,1,1,31,COOK (31),1270,CALUMET PARK,11,November,17,17,5,Thursday,2022,6,6:00am-6:59am,1,1,127TH,NA,8,Other,2,Urban,3,Principal Arterial - Other,1,State Highway Agency,1,This section IS ON the NHS,0,No Special Jurisdiction,99998,Not Reported,41.66297778,41.66297778,-87.65849167,-87.65849167,8,Pedestrian,0,The First Harmful Event was Not a Collision with a Motor Vehicle in Transport,0,No,1,Non-Junction,1,Not an Intersection,1,On Roadway,0,None,4,Dawn,1,Clear,0,No,0000000,Not Applicable,6,6:00am-6:59am,1,1,6,6:00am-6:59am,3,3,88,Not Applicable (Not Transported),88,Not Applicable (Not Transported),1
17,Illinois,171060,1,1,1,1,0,1,1,43,DUPAGE (43),2440,DOWNERS GROVE,11,November,12,12,7,Saturday,2022,17,5:00pm-5:59pm,26,26,I-55,NA,1,Interstate,2,Urban,1,Interstate,1,State Highway Agency,1,This section IS ON the NHS,0,No Special Jurisdiction,2699,2699,41.70790278,41.70790278,-88.02375833,-88.02375833,8,Pedestrian,0,The First Harmful Event was Not a Collision with a Motor Vehicle in Transport,0,No,1,Non-Junction,1,Not an Intersection,1,On Roadway,0,None,6,Dark - Unknown Lighting,1,Clear,0,No,0000000,Not Applicable,17,5:00pm-5:59pm,35,35,17,5:00pm-5:59pm,45,45,88,Not Applicable (Not Transported),88,Not Applicable (Not Transported),1
17,Illinois,171061,1,1,1,1,0,1,1,163,ST. CLAIR (163),2610,EAST SAINT LOUIS,11,November,30,30,4,Wednesday,2022,3,3:00am-3:59am,48,48,SR-157,CHURCH ST,3,State Highway,2,Urban,3,Principal Arterial - Other,1,State Highway Agency,1,This section IS ON the NHS,0,No Special Jurisdiction,6,6,38.59683056,38.59683056,-90.05415833,-90.05415833,8,Pedestrian,0,The First Harmful Event was Not a Collision with a Motor Vehicle in Transport,0,No,3,Intersection-Related,3,T-Intersection,1,On Roadway,0,None,3,Dark - Lighted,2,Rain,0,No,0000000,Not Applicable,99,Unknown,99,Unknown,99,Unknown EMS Scene Arrival Hour,99,Unknown EMS Scene Arrival Minutes,88,Not Applicable (Not Transported),88,Not Applicable (Not Transported),1
17,Illinois,171062,0,0,4,4,0,5,5,31,COOK (31),1670,CHICAGO,11,November,19,19,7,Saturday,2022,23,11:00pm-11:59pm,48,48,PULASKI RD,69TH ST,8,Other,2,Urban,3,Principal Arterial - Other,1,State Highway Agency,0,This section IS NOT on the NHS,0,No Special Jurisdiction,99998,Not Reported,41.76775556,41.76775556,-87.72248611,-87.72248611,12,Motor Vehicle In-Transport,6,Angle,0,No,2,Intersection,2,Four-Way Intersection,1,On Roadway,0,None,3,Dark - Lighted,1,Clear,0,No,0000000,Not Applicable,23,11:00pm-11:59pm,55,55,0,0:00am-0:59am,3,3,99,Unknown,99,Unknown EMS Hospital Arrival Time,1
17,Illinois,171063,1,1,1,1,0,1,1,31,COOK (31),1670,CHICAGO,11,November,20,20,1,Sunday,2022,17,5:00pm-5:59pm,35,35,105TH ST,EWING AVE,6,Local Street - Municipality,2,Urban,7,Local,4,City or Municipal Highway Agency,0,This section IS NOT on the NHS,0,No Special Jurisdiction,99998,Not Reported,41.70456667,41.70456667,-87.53568333,-87.53568333,8,Pedestrian,0,The First Harmful Event was Not a Collision with a Motor Vehicle in Transport,0,No,3,Intersection-Related,2,Four-Way Intersection,1,On Roadway,0,None,6,Dark - Unknown Lighting,1,Clear,0,No,0000000,Not Applicable,99,Unknown,99,Unknown,99,Unknown EMS Scene Arrival Hour,99,Unknown EMS Scene Arrival Minutes,99,Unknown,99,Unknown EMS Hospital Arrival Time,1
17,Illinois,171064,0,0,1,1,0,1,1,31,COOK (31),6610,ORLAND PARK,11,November,21,21,2,Monday,2022,11,11:00am-11:59am,5,5,88TH AVE,NA,6,Local Street - Municipality,2,Urban,7,Local,4,City or Municipal Highway Agency,0,This section IS NOT on the NHS,0,No Special Jurisdiction,99998,Not Reported,41.62893333,41.62893333,-87.83414444,-87.83414444,42,Tree (Standing Only),0,The First Harmful Event was Not a Collision with a Motor Vehicle in Transport,0,No,1,Non-Junction,1,Not an Intersection,4,On Roadside,0,None,1,Daylight,1,Clear,0,No,0000000,Not Applicable,11,11:00am-11:59am,7,7,11,11:00am-11:59am,9,9,99,Unknown,99,Unknown EMS Hospital Arrival Time,1
17,Illinois,171065,1,1,1,1,0,1,1,31,COOK (31),1670,CHICAGO,11,November,25,25,6,Friday,2022,17,5:00pm-5:59pm,37,37,SR-19,NA,3,State Highway,2,Urban,3,Principal Arterial - Other,1,State Highway Agency,1,This section IS ON the NHS,0,No Special Jurisdiction,78,78,41.9531,41.9531,-87.77360556,-87.77360556,8,Pedestrian,0,The First Harmful Event was Not a Collision with a Motor Vehicle in Transport,0,No,1,Non-Junction,1,Not an Intersection,1,On Roadway,0,None,3,Dark - Lighted,1,Clear,0,No,0000000,Not Applicable,99,Unknown,99,Unknown,99,Unknown EMS Scene Arrival Hour,99,Unknown EMS Scene Arrival Minutes,99,Unknown,99,Unknown EMS Hospital Arrival Time,1